# id	kind	status	target	compile_exit	run_exit	reason	stdout_escaped
PREC-001	run	FAIL	macos-arm64	0	0	Stdout mismatch: expected '14 18 512 -4 4 3 5', got '14 18 512 4 4 3 5'	14\n18\n512\n4\n4\n3\n5
PREC-002	run	PASS	macos-arm64	0	0	Stdout and exit code matched expected oracle	1\n1\n0
PREC-003	run	PASS	macos-arm64	0	0	Stdout and exit code matched expected oracle	1\n4
PREC-004	run	FAIL	macos-arm64	1		Compilation failed with exit code 1	====================================\n\n  virc — Vir Self-Hosting Compiler\n\n  v3.2.0 — Register, Mold, Dict & Backend Correctness\n\n====================================\n\nvirc: reading /Users/gengyang/Vir/tests/spec_gap_contract/operator_assignment_right_assoc.vri...\n\nvirc: 161 bytes source\n\nvirc: expanding includes...\n\nvirc: 161 bytes after preprocess\n\nvirc: tokenizing...\n\nvirc: 30 tokens\n\nvirc: parsing...\n\nline 9: [E1004] expected expression [tok=90]\n\nvirc: ast children 0\n\n\n\nvirc: parse warning at <expanded>:9 (expanded line 9): skipping semantic analysis for partial AST
PREC-005	compile_fail	PASS	macos-arm64	1		parser diagnostic present	====================================\n\n  virc — Vir Self-Hosting Compiler\n\n  v3.2.0 — Register, Mold, Dict & Backend Correctness\n\n====================================\n\nvirc: reading /Users/gengyang/Vir/tests/spec_gap_contract/power_missing_rhs_negative.vri...\n\nvirc: 107 bytes source\n\nvirc: expanding includes...\n\nvirc: 107 bytes after preprocess\n\nvirc: tokenizing...\n\nvirc: 12 tokens\n\nvirc: parsing...\n\nline 5: [E1004] expected exponent expression after '^' [tok=41]\n\nvirc: ast children 0\n\n\n\nvirc: parse warning at <expanded>:4 (expanded line 4): skipping semantic analysis for partial AST
PREC-006	compile_fail	PASS	macos-arm64	1		parser diagnostic present	====================================\n\n  virc — Vir Self-Hosting Compiler\n\n  v3.2.0 — Register, Mold, Dict & Backend Correctness\n\n====================================\n\nvirc: reading /Users/gengyang/Vir/tests/spec_gap_contract/power_missing_lhs_negative.vri...\n\nvirc: 107 bytes source\n\nvirc: expanding includes...\n\nvirc: 107 bytes after preprocess\n\nvirc: tokenizing...\n\nvirc: 12 tokens\n\nvirc: parsing...\n\nline 4: [E1004] expected expression [tok=55]\n\nvirc: ast children 0\n\n\n\nvirc: parse warning at <expanded>:4 (expanded line 4): skipping semantic analysis for partial AST
PREC-007	compile_fail	PASS	macos-arm64	1		parser diagnostic present	====================================\n\n  virc — Vir Self-Hosting Compiler\n\n  v3.2.0 — Register, Mold, Dict & Backend Correctness\n\n====================================\n\nvirc: reading /Users/gengyang/Vir/tests/spec_gap_contract/power_double_operator_negative.vri...\n\nvirc: 109 bytes source\n\nvirc: expanding includes...\n\nvirc: 109 bytes after preprocess\n\nvirc: tokenizing...\n\nvirc: 14 tokens\n\nvirc: parsing...\n\nline 4: [E1004] expected expression [tok=55]\n\nvirc: ast children 0\n\n\n\nvirc: parse warning at <expanded>:4 (expanded line 4): skipping semantic analysis for partial AST
PREC-008	compile_fail	PASS	macos-arm64	1		parser diagnostic present	====================================\n\n  virc — Vir Self-Hosting Compiler\n\n  v3.2.0 — Register, Mold, Dict & Backend Correctness\n\n====================================\n\nvirc: reading /Users/gengyang/Vir/tests/spec_gap_contract/power_missing_negative_exponent_negative.vri...\n\nvirc: 108 bytes source\n\nvirc: expanding includes...\n\nvirc: 108 bytes after preprocess\n\nvirc: tokenizing...\n\nvirc: 13 tokens\n\nvirc: parsing...\n\nline 5: [E1004] expected expression after unary '-' [tok=41]\n\nvirc: ast children 0\n\n\n\nvirc: parse warning at <expanded>:4 (expanded line 4): skipping semantic analysis for partial AST
NEG-001	run	FAIL	macos-arm64	0	0	Stdout mismatch: expected '-7 -5 -9 true', got '-7 -5 -9 1'	-7\n-5\n-9\n1
NEG-002	run	PASS	macos-arm64	0	0	Stdout and exit code matched expected oracle	-9223372036854775808\n-9223372036854775808
NEG-003	run	PASS	macos-arm64	0	0	Stdout and exit code matched expected oracle	1
NEG-004	run	PASS	macos-arm64	0	0	Stdout and exit code matched expected oracle	-12\n-3
FLOAT-001	run	PASS	macos-arm64	0	0	Stdout and exit code matched expected oracle	1
FLOAT-002	run	FAIL	macos-arm64	0	0	Stdout mismatch: expected '1.5 -0.25', got '4609434218613702656 -4625196817309499392'	4609434218613702656\n-4625196817309499392
FLOAT-003	run	FAIL	macos-arm64	0	71	Execution failed with non-zero exit code 71	
CAST-001	run	PASS	macos-arm64	0	0	Stdout and exit code matched expected oracle	42\n-42\n12\n-12\n0\n0
CAST-002	run	PASS	macos-arm64	0	0	Stdout and exit code matched expected oracle	9007199254740992\n9007199254740996
CAST-003	run	FAIL	macos-arm64	1		Compilation failed with exit code 1	====================================\n\n  virc — Vir Self-Hosting Compiler\n\n  v3.2.0 — Register, Mold, Dict & Backend Correctness\n\n====================================\n\nvirc: reading /Users/gengyang/Vir/tests/spec_gap_contract/float_cast_call_array_spill.vri...\n\nvirc: 490 bytes source\n\nvirc: expanding includes...\n\nvirc: 490 bytes after preprocess\n\nvirc: tokenizing...\n\nvirc: 151 tokens\n\nvirc: parsing...\n\nvirc: ast children 3\n\nvirc: running semantic analysis...\n\nvirc: semantic pass 1 — module & import resolution\n\nvirc: semantic pass 2 — symbol registration\n\nvirc: semantic pass 3 — name resolution\n\nvirc: semantic pass 4 — type resolution\n\nvirc: semantic pass 5 — type inference\n\nvirc: semantic pass 6 — type checking\n\nvirc: semantic pass 7 — control flow analysis\n\nvirc: semantic pass 8 — borrow analysis\n\nvirc: semantic pass 9 — constant folding\n\n═══════════════════════════════════════════════\n\nEXECUTION REPORT\n\n═══════════════════════════════════════════════\n\n\n\nResult      : FAILED\n\nCode        : [E3007] Semantic\n\nSubsystem   : Compiler\n\nStage       : Stage 1 (Vir Native)\n\n\n\nLocation\n\n───────────────────────────────────────────────\n\nFile        : /Users/gengyang/Vir/tests/spec_gap_contract/float_cast_call_array_spill.vri\n\nLine        : 18\n\n\n\nAnalysis\n\n───────────────────────────────────────────────\n\nAssignment or return value type does not match declared type\n\n\n\nPossible Causes\n\n───────────────────────────────────────────────\n\n• Violation of Vir language specification semantic constraints\n\n\n\nAction\n\n───────────────────────────────────────────────\n\n• Review source code against Vir language specification\n\n\n\n═══════════════════════════════════════════════\n\nvirc: 1 error(s), 0 warning(s)\n\nvirc: semantic analysis found 1 error(s)\n\nvirc: compilation aborted — 1 semantic error(s)
CAST-004	run	FAIL	macos-arm64	0	-5	Execution failed with non-zero exit code -5	
CAST-005	run_fail	PASS	macos-arm64	0	-5	Execution correctly trapped/exited non-zero (-5)	
CAST-006	run_fail	PASS	macos-arm64	0	-5	Execution correctly trapped/exited non-zero (-5)	
CAST-007	run_fail	PASS	macos-arm64	0	-5	Execution correctly trapped/exited non-zero (-5)	
CAST-008	run_fail	PASS	macos-arm64	0	-5	Execution correctly trapped/exited non-zero (-5)	
PRECOMP-001	structural	FAIL	macos-arm64	0	0	Structural test behavioral stdout mismatch: expected '17 40 256 12', got '15 0 0 0'	15\n0\n0\n0
PRECOMP-002	structural	FAIL	macos-arm64	0	0	Structural test behavioral stdout mismatch: expected '3628800', got '0'	0
PRECOMP-003	compile_fail	FAIL	macos-arm64	0		Compiler unexpectedly generated an artifact for negative test	====================================\n\n  virc — Vir Self-Hosting Compiler\n\n  v3.2.0 — Register, Mold, Dict & Backend Correctness\n\n====================================\n\nvirc: reading /Users/gengyang/Vir/tests/spec_gap_contract/precomp_io_negative.vri...\n\nvirc: 242 bytes source\n\nvirc: expanding includes...\n\nvirc: 242 bytes after preprocess\n\nvirc: tokenizing...\n\nvirc: 37 tokens\n\nvirc: parsing...\n\nvirc: ast children 3\n\nvirc: running semantic analysis...\n\nvirc: semantic pass 1 — module & import resolution\n\nvirc: semantic pass 2 — symbol registration\n\nvirc: semantic pass 3 — name resolution\n\nvirc: semantic pass 4 — type resolution\n\nvirc: semantic pass 5 — type inference\n\nvirc: semantic pass 6 — type checking\n\nvirc: semantic pass 7 — control flow analysis\n\nvirc: semantic pass 8 — borrow analysis\n\nvirc: semantic pass 9 — constant folding\n\nvirc: semantic analysis 100% complete (10 passes)\n\nvirc: lowering via v2.0 MIR/SSA/LIR pipeline...\n\nvirc: pipeline — lowering AST to MIR...\n\nvirc: pipeline — AST->MIR func 1 : invalid_compile_time_io\n\nvirc: pipeline — AST->MIR func 2 : main\n\nvirc: pipeline — SSA + MIR opts on 3 function(s)...\n\nvirc: pipeline — MIR func 1/3\n\nvirc: pipeline — MIR func 3/3\n\nvirc: pipeline — MIR spec opts complete, lowering to LIR...\n\nvirc: pipeline — Chaitin-Briggs regalloc + George-Appel coalescing...\n\nvirc: pipeline — regalloc func 1/3\n\nvirc: pipeline — regalloc func 3/3\n\nvirc: pipeline — LIR lowering complete (Q-IR fallback bypassed)\n\nvirc: 3 function(s) lowered to LIR\n\nvirc: generating macos-arm64 machine code...\n\nvirc: 5188 bytes machine code\n\nvirc: linking Mach-O macos-arm64 executable...\n\nvirc: done! /var/folders/fq/kbv8m0vs65qgmgz96_byxl480000gn/T/spec_gap_ib0vdys2/test_artifact (5188 bytes code)
PRECOMP-004	run	FAIL	macos-arm64	0	0	Stdout mismatch: expected '1 120 55', got '0 0 0'	0\n0\n0
PRECOMP-005	compile_fail	FAIL	macos-arm64	0		Compiler unexpectedly generated an artifact for negative test	====================================\n\n  virc — Vir Self-Hosting Compiler\n\n  v3.2.0 — Register, Mold, Dict & Backend Correctness\n\n====================================\n\nvirc: reading /Users/gengyang/Vir/tests/spec_gap_contract/precomp_div_zero_negative.vri...\n\nvirc: 162 bytes source\n\nvirc: expanding includes...\n\nvirc: 162 bytes after preprocess\n\nvirc: tokenizing...\n\nvirc: 19 tokens\n\nvirc: parsing...\n\nvirc: ast children 2\n\nvirc: running semantic analysis...\n\nvirc: semantic pass 1 — module & import resolution\n\nvirc: semantic pass 2 — symbol registration\n\nvirc: semantic pass 3 — name resolution\n\nvirc: semantic pass 4 — type resolution\n\nvirc: semantic pass 5 — type inference\n\nvirc: semantic pass 6 — type checking\n\nvirc: semantic pass 7 — control flow analysis\n\nvirc: semantic pass 8 — borrow analysis\n\nvirc: semantic pass 9 — constant folding\n\nvirc: semantic analysis 100% complete (10 passes)\n\nvirc: lowering via v2.0 MIR/SSA/LIR pipeline...\n\nvirc: pipeline — lowering AST to MIR...\n\nvirc: pipeline — AST->MIR func 1 : main\n\nvirc: pipeline — SSA + MIR opts on 2 function(s)...\n\nvirc: pipeline — MIR func 1/2\n\nvirc: pipeline — MIR func 2/2\n\nvirc: pipeline — MIR spec opts complete, lowering to LIR...\n\nvirc: pipeline — Chaitin-Briggs regalloc + George-Appel coalescing...\n\nvirc: pipeline — regalloc func 1/2\n\nvirc: pipeline — regalloc func 2/2\n\nvirc: pipeline — LIR lowering complete (Q-IR fallback bypassed)\n\nvirc: 2 function(s) lowered to LIR\n\nvirc: generating macos-arm64 machine code...\n\nvirc: 5032 bytes machine code\n\nvirc: linking Mach-O macos-arm64 executable...\n\nvirc: done! /var/folders/fq/kbv8m0vs65qgmgz96_byxl480000gn/T/spec_gap_wj_32tjr/test_artifact (5032 bytes code)
PRECOMP-006	compile_fail	FAIL	macos-arm64	0		Compiler unexpectedly generated an artifact for negative test	====================================\n\n  virc — Vir Self-Hosting Compiler\n\n  v3.2.0 — Register, Mold, Dict & Backend Correctness\n\n====================================\n\nvirc: reading /Users/gengyang/Vir/tests/spec_gap_contract/precomp_allocation_negative.vri...\n\nvirc: 254 bytes source\n\nvirc: expanding includes...\n\nvirc: 254 bytes after preprocess\n\nvirc: tokenizing...\n\nvirc: 48 tokens\n\nvirc: parsing...\n\nvirc: ast children 3\n\nvirc: running semantic analysis...\n\nvirc: semantic pass 1 — module & import resolution\n\nvirc: semantic pass 2 — symbol registration\n\nvirc: semantic pass 3 — name resolution\n\nvirc: semantic pass 4 — type resolution\n\nvirc: semantic pass 5 — type inference\n\nvirc: semantic pass 6 — type checking\n\nvirc: semantic pass 7 — control flow analysis\n\nvirc: semantic pass 8 — borrow analysis\n\nvirc: semantic pass 9 — constant folding\n\nvirc: semantic analysis 100% complete (10 passes)\n\nvirc: lowering via v2.0 MIR/SSA/LIR pipeline...\n\nvirc: pipeline — lowering AST to MIR...\n\nvirc: pipeline — AST->MIR func 1 : invalid_array\n\nvirc: pipeline — AST->MIR func 2 : main\n\nvirc: pipeline — SSA + MIR opts on 3 function(s)...\n\nvirc: pipeline — MIR func 1/3\n\nvirc: pipeline — MIR func 3/3\n\nvirc: pipeline — MIR spec opts complete, lowering to LIR...\n\nvirc: pipeline — Chaitin-Briggs regalloc + George-Appel coalescing...\n\nvirc: pipeline — regalloc func 1/3\n\nvirc: pipeline — regalloc func 3/3\n\nvirc: pipeline — LIR lowering complete (Q-IR fallback bypassed)\n\nvirc: 3 function(s) lowered to LIR\n\nvirc: generating macos-arm64 machine code...\n\nvirc: 5600 bytes machine code\n\nvirc: linking Mach-O macos-arm64 executable...\n\nvirc: done! /var/folders/fq/kbv8m0vs65qgmgz96_byxl480000gn/T/spec_gap_ci3e1_0s/test_artifact (5600 bytes code)
PRECOMP-007	compile_fail	FAIL	macos-arm64	1		diagnostic missing required keyword 'compile-time failure'	====================================\n\n  virc — Vir Self-Hosting Compiler\n\n  v3.2.0 — Register, Mold, Dict & Backend Correctness\n\n====================================\n\nvirc: reading /Users/gengyang/Vir/tests/spec_gap_contract/precomp_throw_negative.vri...\n\nvirc: 143 bytes source\n\nvirc: expanding includes...\n\nvirc: 143 bytes after preprocess\n\nvirc: tokenizing...\n\nvirc: 25 tokens\n\nvirc: parsing...\n\nline 11: expected 'end' after precomp (at EOF)\n\nvirc: ast children 0\n\n\n\nvirc: parse warning at <expanded>:11 (expanded line 11): skipping semantic analysis for partial AST
GENERIC-001	run	FAIL	macos-arm64	0	0	Stdout mismatch: expected '42 true', got '42 1'	42\n1
GENERIC-002	compile_fail	FAIL	macos-arm64	0		Compiler unexpectedly generated an artifact for negative test	====================================\n\n  virc — Vir Self-Hosting Compiler\n\n  v3.2.0 — Register, Mold, Dict & Backend Correctness\n\n====================================\n\nvirc: reading /Users/gengyang/Vir/tests/spec_gap_contract/generic_mismatch_negative.vri...\n\nvirc: 217 bytes source\n\nvirc: expanding includes...\n\nvirc: 217 bytes after preprocess\n\nvirc: tokenizing...\n\nvirc: 44 tokens\n\nvirc: parsing...\n\nvirc: ast children 2\n\nvirc: running semantic analysis...\n\nvirc: semantic pass 1 — module & import resolution\n\nvirc: semantic pass 2 — symbol registration\n\nvirc: semantic pass 3 — name resolution\n\nvirc: semantic pass 4 — type resolution\n\nvirc: semantic pass 5 — type inference\n\nvirc: semantic pass 6 — type checking\n\nvirc: semantic pass 7 — control flow analysis\n\nvirc: semantic pass 8 — borrow analysis\n\nvirc: semantic pass 9 — constant folding\n\nvirc: semantic analysis 100% complete (10 passes)\n\nvirc: lowering via v2.0 MIR/SSA/LIR pipeline...\n\nvirc: pipeline — lowering AST to MIR...\n\nvirc: pipeline — AST->MIR func 1 : identity\n\nvirc: pipeline — AST->MIR func 2 : main\n\nvirc: pipeline — SSA + MIR opts on 3 function(s)...\n\nvirc: pipeline — MIR func 1/3\n\nvirc: pipeline — MIR func 3/3\n\nvirc: pipeline — MIR spec opts complete, lowering to LIR...\n\nvirc: pipeline — Chaitin-Briggs regalloc + George-Appel coalescing...\n\nvirc: pipeline — regalloc func 1/3\n\nvirc: pipeline — regalloc func 3/3\n\nvirc: pipeline — LIR lowering complete (Q-IR fallback bypassed)\n\nvirc: 3 function(s) lowered to LIR\n\nvirc: generating macos-arm64 machine code...\n\nvirc: 5260 bytes machine code\n\nvirc: linking Mach-O macos-arm64 executable...\n\nvirc: done! /var/folders/fq/kbv8m0vs65qgmgz96_byxl480000gn/T/spec_gap_fgeim_7r/test_artifact (5260 bytes code)
GENERIC-003	run	FAIL	macos-arm64	0	0	Stdout mismatch: expected '7 right', got '7 4377859908'	7\n4377859908
GENERIC-004	run	FAIL	macos-arm64	0	0	Stdout mismatch: expected '11 false 23', got '11 0 23'	11\n0\n23
GENERIC-005	compile_fail	FAIL	macos-arm64	0		Compiler unexpectedly generated an artifact for negative test	====================================\n\n  virc — Vir Self-Hosting Compiler\n\n  v3.2.0 — Register, Mold, Dict & Backend Correctness\n\n====================================\n\nvirc: reading /Users/gengyang/Vir/tests/spec_gap_contract/generic_wrong_arity_negative.vri...\n\nvirc: 213 bytes source\n\nvirc: expanding includes...\n\nvirc: 213 bytes after preprocess\n\nvirc: tokenizing...\n\nvirc: 52 tokens\n\nvirc: parsing...\n\nvirc: ast children 2\n\nvirc: running semantic analysis...\n\nvirc: semantic pass 1 — module & import resolution\n\nvirc: semantic pass 2 — symbol registration\n\nvirc: semantic pass 3 — name resolution\n\nvirc: semantic pass 4 — type resolution\n\nvirc: semantic pass 5 — type inference\n\nvirc: semantic pass 6 — type checking\n\nvirc: semantic pass 7 — control flow analysis\n\nvirc: semantic pass 8 — borrow analysis\n\nvirc: semantic pass 9 — constant folding\n\nvirc: semantic analysis 100% complete (10 passes)\n\nvirc: lowering via v2.0 MIR/SSA/LIR pipeline...\n\nvirc: pipeline — lowering AST to MIR...\n\nvirc: pipeline — AST->MIR func 1 : main\n\nvirc: pipeline — SSA + MIR opts on 2 function(s)...\n\nvirc: pipeline — MIR func 1/2\n\nvirc: pipeline — MIR func 2/2\n\nvirc: pipeline — MIR spec opts complete, lowering to LIR...\n\nvirc: pipeline — Chaitin-Briggs regalloc + George-Appel coalescing...\n\nvirc: pipeline — regalloc func 1/2\n\nvirc: pipeline — regalloc func 2/2\n\nvirc: pipeline — LIR lowering complete (Q-IR fallback bypassed)\n\nvirc: 2 function(s) lowered to LIR\n\nvirc: generating macos-arm64 machine code...\n\nvirc: 5296 bytes machine code\n\nvirc: linking Mach-O macos-arm64 executable...\n\nvirc: done! /var/folders/fq/kbv8m0vs65qgmgz96_byxl480000gn/T/spec_gap_tbw15t6c/test_artifact (5296 bytes code)
GENERIC-006	compile_fail	FAIL	macos-arm64	0		Compiler unexpectedly generated an artifact for negative test	====================================\n\n  virc — Vir Self-Hosting Compiler\n\n  v3.2.0 — Register, Mold, Dict & Backend Correctness\n\n====================================\n\nvirc: reading /Users/gengyang/Vir/tests/spec_gap_contract/generic_unresolved_type_negative.vri...\n\nvirc: 180 bytes source\n\nvirc: expanding includes...\n\nvirc: 180 bytes after preprocess\n\nvirc: tokenizing...\n\nvirc: 37 tokens\n\nvirc: parsing...\n\nvirc: ast children 2\n\nvirc: running semantic analysis...\n\nvirc: semantic pass 1 — module & import resolution\n\nvirc: semantic pass 2 — symbol registration\n\nvirc: semantic pass 3 — name resolution\n\nvirc: semantic pass 4 — type resolution\n\nvirc: semantic pass 5 — type inference\n\nvirc: semantic pass 6 — type checking\n\nvirc: semantic pass 7 — control flow analysis\n\nvirc: semantic pass 8 — borrow analysis\n\nvirc: semantic pass 9 — constant folding\n\nvirc: semantic analysis 100% complete (10 passes)\n\nvirc: lowering via v2.0 MIR/SSA/LIR pipeline...\n\nvirc: pipeline — lowering AST to MIR...\n\nvirc: pipeline — AST->MIR func 1 : identity\n\nvirc: pipeline — AST->MIR func 2 : main\n\nvirc: pipeline — SSA + MIR opts on 3 function(s)...\n\nvirc: pipeline — MIR func 1/3\n\nvirc: pipeline — MIR func 3/3\n\nvirc: pipeline — MIR spec opts complete, lowering to LIR...\n\nvirc: pipeline — Chaitin-Briggs regalloc + George-Appel coalescing...\n\nvirc: pipeline — regalloc func 1/3\n\nvirc: pipeline — regalloc func 3/3\n\nvirc: pipeline — LIR lowering complete (Q-IR fallback bypassed)\n\nvirc: 3 function(s) lowered to LIR\n\nvirc: generating macos-arm64 machine code...\n\nvirc: 5244 bytes machine code\n\nvirc: linking Mach-O macos-arm64 executable...\n\nvirc: done! /var/folders/fq/kbv8m0vs65qgmgz96_byxl480000gn/T/spec_gap_2kwxt3wp/test_artifact (5244 bytes code)
ASYNC-001	run	FAIL	macos-arm64	1		Compilation failed with exit code 1	====================================\n\n  virc — Vir Self-Hosting Compiler\n\n  v3.2.0 — Register, Mold, Dict & Backend Correctness\n\n====================================\n\nvirc: reading /Users/gengyang/Vir/tests/spec_gap_contract/async_suspend_not_passthrough.vri...\n\nvirc: 344 bytes source\n\nvirc: expanding includes...\n\nvirc: 344 bytes after preprocess\n\nvirc: tokenizing...\n\nvirc: 60 tokens\n\nvirc: parsing...\n\nvirc: ast children 3\n\nvirc: running semantic analysis...\n\nvirc: semantic pass 1 — module & import resolution\n\nvirc: semantic pass 2 — symbol registration\n\nvirc: semantic pass 3 — name resolution\n\nvirc: semantic pass 4 — type resolution\n\nvirc: semantic pass 5 — type inference\n\nvirc: semantic pass 6 — type checking\n\nvirc: semantic pass 7 — control flow analysis\n\nvirc: semantic pass 8 — borrow analysis\n\nvirc: semantic pass 9 — constant folding\n\n═══════════════════════════════════════════════\n\nEXECUTION REPORT\n\n═══════════════════════════════════════════════\n\n\n\nResult      : FAILED\n\nCode        : [E2001] Semantic\n\nSubsystem   : Compiler\n\nStage       : Stage 1 (Vir Native)\n\n\n\nLocation\n\n───────────────────────────────────────────────\n\nFile        : /Users/gengyang/Vir/tests/spec_gap_contract/async_suspend_not_passthrough.vri\n\nLine        : 15\n\n\n\nAnalysis\n\n───────────────────────────────────────────────\n\nUndefined variable in current scope\n\n\n\nPossible Causes\n\n───────────────────────────────────────────────\n\n• Variable was not declared in current or outer scope\n• Typo in variable identifier name\n\n\n\nAction\n\n───────────────────────────────────────────────\n\n• Declare variable with 'var <name> = <val>' before use\n• Check identifier spelling\n\n\n\n═══════════════════════════════════════════════\n\n═══════════════════════════════════════════════\n\nEXECUTION REPORT\n\n═══════════════════════════════════════════════\n\n\n\nResult      : FAILED\n\nCode        : [E2001] Semantic\n\nSubsystem   : Compiler\n\nStage       : Stage 1 (Vir Native)\n\n\n\nLocation\n\n───────────────────────────────────────────────\n\nFile        : /Users/gengyang/Vir/tests/spec_gap_contract/async_suspend_not_passthrough.vri\n\nLine        : 17\n\n\n\nAnalysis\n\n───────────────────────────────────────────────\n\nUndefined variable in current scope\n\n\n\nPossible Causes\n\n───────────────────────────────────────────────\n\n• Variable was not declared in current or outer scope\n• Typo in variable identifier name\n\n\n\nAction\n\n───────────────────────────────────────────────\n\n• Declare variable with 'var <name> = <val>' before use\n• Check identifier spelling\n\n\n\n═══════════════════════════════════════════════\n\nvirc: 2 error(s), 0 warning(s)\n\nvirc: semantic analysis found 2 error(s)\n\nvirc: compilation aborted — 2 semantic error(s)
ASYNC-002	compile_fail	FAIL	macos-arm64	0		Compiler unexpectedly generated an artifact for negative test	====================================\n\n  virc — Vir Self-Hosting Compiler\n\n  v3.2.0 — Register, Mold, Dict & Backend Correctness\n\n====================================\n\nvirc: reading /Users/gengyang/Vir/tests/spec_gap_contract/await_outside_async_negative.vri...\n\nvirc: 115 bytes source\n\nvirc: expanding includes...\n\nvirc: 115 bytes after preprocess\n\nvirc: tokenizing...\n\nvirc: 11 tokens\n\nvirc: parsing...\n\nvirc: ast children 1\n\nvirc: running semantic analysis...\n\nvirc: semantic pass 1 — module & import resolution\n\nvirc: semantic pass 2 — symbol registration\n\nvirc: semantic pass 3 — name resolution\n\nvirc: semantic pass 4 — type resolution\n\nvirc: semantic pass 5 — type inference\n\nvirc: semantic pass 6 — type checking\n\nvirc: semantic pass 7 — control flow analysis\n\nvirc: semantic pass 8 — borrow analysis\n\nvirc: semantic pass 9 — constant folding\n\nvirc: semantic analysis 100% complete (10 passes)\n\nvirc: lowering via v2.0 MIR/SSA/LIR pipeline...\n\nvirc: pipeline — lowering AST to MIR...\n\nvirc: pipeline — AST->MIR func 1 : main\n\nvirc: pipeline — SSA + MIR opts on 2 function(s)...\n\nvirc: pipeline — MIR func 1/2\n\nvirc: pipeline — MIR func 2/2\n\nvirc: pipeline — MIR spec opts complete, lowering to LIR...\n\nvirc: pipeline — Chaitin-Briggs regalloc + George-Appel coalescing...\n\nvirc: pipeline — regalloc func 1/2\n\nvirc: pipeline — regalloc func 2/2\n\nvirc: pipeline — LIR lowering complete (Q-IR fallback bypassed)\n\nvirc: 2 function(s) lowered to LIR\n\nvirc: generating macos-arm64 machine code...\n\nvirc: 5020 bytes machine code\n\nvirc: linking Mach-O macos-arm64 executable...\n\nvirc: done! /var/folders/fq/kbv8m0vs65qgmgz96_byxl480000gn/T/spec_gap_gksuj16r/test_artifact (5020 bytes code)
ASYNC-003	blocked_contract	BLOCKED	macos-arm64			Official serial executor selection/link contract required	
ASYNC-004	run	FAIL	macos-arm64	1		Compilation failed with exit code 1	====================================\n\n  virc — Vir Self-Hosting Compiler\n\n  v3.2.0 — Register, Mold, Dict & Backend Correctness\n\n====================================\n\nvirc: reading /Users/gengyang/Vir/tests/spec_gap_contract/async_locals_survive_multiple_yields.vri...\n\nvirc: 270 bytes source\n\nvirc: expanding includes...\n\nvirc: 270 bytes after preprocess\n\nvirc: tokenizing...\n\nvirc: 64 tokens\n\nvirc: parsing...\n\nvirc: ast children 2\n\nvirc: running semantic analysis...\n\nvirc: semantic pass 1 — module & import resolution\n\nvirc: semantic pass 2 — symbol registration\n\nvirc: semantic pass 3 — name resolution\n\nvirc: semantic pass 4 — type resolution\n\nvirc: semantic pass 5 — type inference\n\nvirc: semantic pass 6 — type checking\n\nvirc: semantic pass 7 — control flow analysis\n\nvirc: semantic pass 8 — borrow analysis\n\nvirc: semantic pass 9 — constant folding\n\n═══════════════════════════════════════════════\n\nEXECUTION REPORT\n\n═══════════════════════════════════════════════\n\n\n\nResult      : FAILED\n\nCode        : [E2001] Semantic\n\nSubsystem   : Compiler\n\nStage       : Stage 1 (Vir Native)\n\n\n\nLocation\n\n───────────────────────────────────────────────\n\nFile        : /Users/gengyang/Vir/tests/spec_gap_contract/async_locals_survive_multiple_yields.vri\n\nLine        : 14\n\n\n\nAnalysis\n\n───────────────────────────────────────────────\n\nUndefined variable in current scope\n\n\n\nPossible Causes\n\n───────────────────────────────────────────────\n\n• Variable was not declared in current or outer scope\n• Typo in variable identifier name\n\n\n\nAction\n\n───────────────────────────────────────────────\n\n• Declare variable with 'var <name> = <val>' before use\n• Check identifier spelling\n\n\n\n═══════════════════════════════════════════════\n\n═══════════════════════════════════════════════\n\nEXECUTION REPORT\n\n═══════════════════════════════════════════════\n\n\n\nResult      : FAILED\n\nCode        : [E2001] Semantic\n\nSubsystem   : Compiler\n\nStage       : Stage 1 (Vir Native)\n\n\n\nLocation\n\n───────────────────────────────────────────────\n\nFile        : /Users/gengyang/Vir/tests/spec_gap_contract/async_locals_survive_multiple_yields.vri\n\nLine        : 15\n\n\n\nAnalysis\n\n───────────────────────────────────────────────\n\nUndefined variable in current scope\n\n\n\nPossible Causes\n\n───────────────────────────────────────────────\n\n• Variable was not declared in current or outer scope\n• Typo in variable identifier name\n\n\n\nAction\n\n───────────────────────────────────────────────\n\n• Declare variable with 'var <name> = <val>' before use\n• Check identifier spelling\n\n\n\n═══════════════════════════════════════════════\n\nvirc: 2 error(s), 0 warning(s)\n\nvirc: semantic analysis found 2 error(s)\n\nvirc: compilation aborted — 2 semantic error(s)
ASYNC-005	run	FAIL	macos-arm64	1		Compilation failed with exit code 1	====================================\n\n  virc — Vir Self-Hosting Compiler\n\n  v3.2.0 — Register, Mold, Dict & Backend Correctness\n\n====================================\n\nvirc: reading /Users/gengyang/Vir/tests/spec_gap_contract/async_await_completed_task.vri...\n\nvirc: 266 bytes source\n\nvirc: expanding includes...\n\nvirc: 266 bytes after preprocess\n\nvirc: tokenizing...\n\nvirc: 64 tokens\n\nvirc: parsing...\n\nvirc: ast children 3\n\nvirc: running semantic analysis...\n\nvirc: semantic pass 1 — module & import resolution\n\nvirc: semantic pass 2 — symbol registration\n\nvirc: semantic pass 3 — name resolution\n\nvirc: semantic pass 4 — type resolution\n\nvirc: semantic pass 5 — type inference\n\nvirc: semantic pass 6 — type checking\n\nvirc: semantic pass 7 — control flow analysis\n\nvirc: semantic pass 8 — borrow analysis\n\nvirc: semantic pass 9 — constant folding\n\n═══════════════════════════════════════════════\n\nEXECUTION REPORT\n\n═══════════════════════════════════════════════\n\n\n\nResult      : FAILED\n\nCode        : [E2001] Semantic\n\nSubsystem   : Compiler\n\nStage       : Stage 1 (Vir Native)\n\n\n\nLocation\n\n───────────────────────────────────────────────\n\nFile        : /Users/gengyang/Vir/tests/spec_gap_contract/async_await_completed_task.vri\n\nLine        : 8\n\n\n\nAnalysis\n\n───────────────────────────────────────────────\n\nUndefined variable in current scope\n\n\n\nPossible Causes\n\n───────────────────────────────────────────────\n\n• Variable was not declared in current or outer scope\n• Typo in variable identifier name\n\n\n\nAction\n\n───────────────────────────────────────────────\n\n• Declare variable with 'var <name> = <val>' before use\n• Check identifier spelling\n\n\n\n═══════════════════════════════════════════════\n\n═══════════════════════════════════════════════\n\nEXECUTION REPORT\n\n═══════════════════════════════════════════════\n\n\n\nResult      : FAILED\n\nCode        : [E2001] Semantic\n\nSubsystem   : Compiler\n\nStage       : Stage 1 (Vir Native)\n\n\n\nLocation\n\n───────────────────────────────────────────────\n\nFile        : /Users/gengyang/Vir/tests/spec_gap_contract/async_await_completed_task.vri\n\nLine        : 14\n\n\n\nAnalysis\n\n───────────────────────────────────────────────\n\nUndefined variable in current scope\n\n\n\nPossible Causes\n\n───────────────────────────────────────────────\n\n• Variable was not declared in current or outer scope\n• Typo in variable identifier name\n\n\n\nAction\n\n───────────────────────────────────────────────\n\n• Declare variable with 'var <name> = <val>' before use\n• Check identifier spelling\n\n\n\n═══════════════════════════════════════════════\n\n═══════════════════════════════════════════════\n\nEXECUTION REPORT\n\n═══════════════════════════════════════════════\n\n\n\nResult      : FAILED\n\nCode        : [E2001] Semantic\n\nSubsystem   : Compiler\n\nStage       : Stage 1 (Vir Native)\n\n\n\nLocation\n\n───────────────────────────────────────────────\n\nFile        : /Users/gengyang/Vir/tests/spec_gap_contract/async_await_completed_task.vri\n\nLine        : 15\n\n\n\nAnalysis\n\n───────────────────────────────────────────────\n\nUndefined variable in current scope\n\n\n\nPossible Causes\n\n───────────────────────────────────────────────\n\n• Variable was not declared in current or outer scope\n• Typo in variable identifier name\n\n\n\nAction\n\n───────────────────────────────────────────────\n\n• Declare variable with 'var <name> = <val>' before use\n• Check identifier spelling\n\n\n\n═══════════════════════════════════════════════\n\nvirc: 3 error(s), 0 warning(s)\n\nvirc: semantic analysis found 3 error(s)\n\nvirc: compilation aborted — 3 semantic error(s)
ASYNC-006	run	FAIL	macos-arm64	1		Compilation failed with exit code 1	====================================\n\n  virc — Vir Self-Hosting Compiler\n\n  v3.2.0 — Register, Mold, Dict & Backend Correctness\n\n====================================\n\nvirc: reading /Users/gengyang/Vir/tests/spec_gap_contract/async_cancel_cleanup.vri...\n\nvirc: 279 bytes source\n\nvirc: expanding includes...\n\nvirc: 279 bytes after preprocess\n\nvirc: tokenizing...\n\nvirc: 46 tokens\n\nvirc: parsing...\n\nvirc: ast children 2\n\nvirc: running semantic analysis...\n\nvirc: semantic pass 1 — module & import resolution\n\nvirc: semantic pass 2 — symbol registration\n\nvirc: semantic pass 3 — name resolution\n\nvirc: semantic pass 4 — type resolution\n\nvirc: semantic pass 5 — type inference\n\nvirc: semantic pass 6 — type checking\n\nvirc: semantic pass 7 — control flow analysis\n\nvirc: semantic pass 8 — borrow analysis\n\nvirc: semantic pass 9 — constant folding\n\n═══════════════════════════════════════════════\n\nEXECUTION REPORT\n\n═══════════════════════════════════════════════\n\n\n\nResult      : FAILED\n\nCode        : [E2001] Semantic\n\nSubsystem   : Compiler\n\nStage       : Stage 1 (Vir Native)\n\n\n\nLocation\n\n───────────────────────────────────────────────\n\nFile        : /Users/gengyang/Vir/tests/spec_gap_contract/async_cancel_cleanup.vri\n\nLine        : 16\n\n\n\nAnalysis\n\n───────────────────────────────────────────────\n\nUndefined variable in current scope\n\n\n\nPossible Causes\n\n───────────────────────────────────────────────\n\n• Variable was not declared in current or outer scope\n• Typo in variable identifier name\n\n\n\nAction\n\n───────────────────────────────────────────────\n\n• Declare variable with 'var <name> = <val>' before use\n• Check identifier spelling\n\n\n\n═══════════════════════════════════════════════\n\n═══════════════════════════════════════════════\n\nEXECUTION REPORT\n\n═══════════════════════════════════════════════\n\n\n\nResult      : WARNING\n\nCode        : [W4001] ControlFlow\n\nSubsystem   : Compiler\n\nStage       : Stage 1 (Vir Native)\n\n\n\nLocation\n\n───────────────────────────────────────────────\n\nFile        : /Users/gengyang/Vir/tests/spec_gap_contract/async_cancel_cleanup.vri\n\nLine        : 6\n\n\n\nAnalysis\n\n───────────────────────────────────────────────\n\nMissing return statement on some code paths\n\n\n\nPossible Causes\n\n───────────────────────────────────────────────\n\n• Violation of Vir language specification semantic constraints\n\n\n\nAction\n\n───────────────────────────────────────────────\n\n• Review source code against Vir language specification\n\n\n\n═══════════════════════════════════════════════\n\nvirc: 1 error(s), 1 warning(s)\n\nvirc: semantic analysis found 1 error(s)\n\nvirc: compilation aborted — 1 semantic error(s)
ASYNC-007	run	FAIL	macos-arm64	1		Compilation failed with exit code 1	====================================\n\n  virc — Vir Self-Hosting Compiler\n\n  v3.2.0 — Register, Mold, Dict & Backend Correctness\n\n====================================\n\nvirc: reading /Users/gengyang/Vir/tests/spec_gap_contract/async_select_single_winner.vri...\n\nvirc: 457 bytes source\n\nvirc: expanding includes...\n\nvirc: 457 bytes after preprocess\n\nvirc: tokenizing...\n\nvirc: 109 tokens\n\nvirc: parsing...\n\nline 18: [E1004] expected expression [tok=109]\n\nline 28: expected 'end' to close function [tok=5]\n\nvirc: ast children 2\n\n\n\nvirc: parse warning at <expanded>:18 (expanded line 18): skipping semantic analysis for partial AST
ASYNC-008	compile_fail	PASS	macos-arm64	1		diagnostic matched required keywords	====================================\n\n  virc — Vir Self-Hosting Compiler\n\n  v3.2.0 — Register, Mold, Dict & Backend Correctness\n\n====================================\n\nvirc: reading /Users/gengyang/Vir/tests/spec_gap_contract/select_outside_async_negative.vri...\n\nvirc: 173 bytes source\n\nvirc: expanding includes...\n\nvirc: 173 bytes after preprocess\n\nvirc: tokenizing...\n\nvirc: 22 tokens\n\nvirc: parsing...\n\nline 5: [E1004] expected expression [tok=109]\n\nvirc: ast children 0\n\n\n\nvirc: parse warning at <expanded>:5 (expanded line 5): skipping semantic analysis for partial AST
ASYNC-009	blocked_contract	BLOCKED	macos-arm64			Quiet-task shutdown and observation policy required	
PORT-001	run	FAIL	macos-arm64	1		Compilation failed with exit code 1	====================================\n\n  virc — Vir Self-Hosting Compiler\n\n  v3.2.0 — Register, Mold, Dict & Backend Correctness\n\n====================================\n\nvirc: reading /Users/gengyang/Vir/tests/spec_gap_contract/port_fifo_bounded.vri...\n\nvirc: 462 bytes source\n\nvirc: expanding includes...\n\nvirc: 462 bytes after preprocess\n\nvirc: tokenizing...\n\nvirc: 83 tokens\n\nvirc: parsing...\n\nvirc: ast children 4\n\nvirc: running semantic analysis...\n\nvirc: semantic pass 1 — module & import resolution\n\nvirc: semantic pass 2 — symbol registration\n\nvirc: semantic pass 3 — name resolution\n\nvirc: semantic pass 4 — type resolution\n\nvirc: semantic pass 5 — type inference\n\nvirc: semantic pass 6 — type checking\n\nvirc: semantic pass 7 — control flow analysis\n\nvirc: semantic pass 8 — borrow analysis\n\nvirc: semantic pass 9 — constant folding\n\n═══════════════════════════════════════════════\n\nEXECUTION REPORT\n\n═══════════════════════════════════════════════\n\n\n\nResult      : FAILED\n\nCode        : [E2001] Semantic\n\nSubsystem   : Compiler\n\nStage       : Stage 1 (Vir Native)\n\n\n\nLocation\n\n───────────────────────────────────────────────\n\nFile        : /Users/gengyang/Vir/tests/spec_gap_contract/port_fifo_bounded.vri\n\nLine        : 11\n\n\n\nAnalysis\n\n───────────────────────────────────────────────\n\nUndefined variable in current scope\n\n\n\nPossible Causes\n\n───────────────────────────────────────────────\n\n• Variable was not declared in current or outer scope\n• Typo in variable identifier name\n\n\n\nAction\n\n───────────────────────────────────────────────\n\n• Declare variable with 'var <name> = <val>' before use\n• Check identifier spelling\n\n\n\n═══════════════════════════════════════════════\n\n═══════════════════════════════════════════════\n\nEXECUTION REPORT\n\n═══════════════════════════════════════════════\n\n\n\nResult      : FAILED\n\nCode        : [E2001] Semantic\n\nSubsystem   : Compiler\n\nStage       : Stage 1 (Vir Native)\n\n\n\nLocation\n\n───────────────────────────────────────────────\n\nFile        : /Users/gengyang/Vir/tests/spec_gap_contract/port_fifo_bounded.vri\n\nLine        : 12\n\n\n\nAnalysis\n\n───────────────────────────────────────────────\n\nUndefined variable in current scope\n\n\n\nPossible Causes\n\n───────────────────────────────────────────────\n\n• Variable was not declared in current or outer scope\n• Typo in variable identifier name\n\n\n\nAction\n\n───────────────────────────────────────────────\n\n• Declare variable with 'var <name> = <val>' before use\n• Check identifier spelling\n\n\n\n═══════════════════════════════════════════════\n\n═══════════════════════════════════════════════\n\nEXECUTION REPORT\n\n═══════════════════════════════════════════════\n\n\n\nResult      : FAILED\n\nCode        : [E2001] Semantic\n\nSubsystem   : Compiler\n\nStage       : Stage 1 (Vir Native)\n\n\n\nLocation\n\n───────────────────────────────────────────────\n\nFile        : /Users/gengyang/Vir/tests/spec_gap_contract/port_fifo_bounded.vri\n\nLine        : 13\n\n\n\nAnalysis\n\n───────────────────────────────────────────────\n\nUndefined variable in current scope\n\n\n\nPossible Causes\n\n───────────────────────────────────────────────\n\n• Variable was not declared in current or outer scope\n• Typo in variable identifier name\n\n\n\nAction\n\n───────────────────────────────────────────────\n\n• Declare variable with 'var <name> = <val>' before use\n• Check identifier spelling\n\n\n\n═══════════════════════════════════════════════\n\n═══════════════════════════════════════════════\n\nEXECUTION REPORT\n\n═══════════════════════════════════════════════\n\n\n\nResult      : FAILED\n\nCode        : [E2001] Semantic\n\nSubsystem   : Compiler\n\nStage       : Stage 1 (Vir Native)\n\n\n\nLocation\n\n───────────────────────────────────────────────\n\nFile        : /Users/gengyang/Vir/tests/spec_gap_contract/port_fifo_bounded.vri\n\nLine        : 17\n\n\n\nAnalysis\n\n───────────────────────────────────────────────\n\nUndefined variable in current scope\n\n\n\nPossible Causes\n\n───────────────────────────────────────────────\n\n• Variable was not declared in current or outer scope\n• Typo in variable identifier name\n\n\n\nAction\n\n───────────────────────────────────────────────\n\n• Declare variable with 'var <name> = <val>' before use\n• Check identifier spelling\n\n\n\n═══════════════════════════════════════════════\n\n═══════════════════════════════════════════════\n\nEXECUTION REPORT\n\n═══════════════════════════════════════════════\n\n\n\nResult      : FAILED\n\nCode        : [E2001] Semantic\n\nSubsystem   : Compiler\n\nStage       : Stage 1 (Vir Native)\n\n\n\nLocation\n\n───────────────────────────────────────────────\n\nFile        : /Users/gengyang/Vir/tests/spec_gap_contract/port_fifo_bounded.vri\n\nLine        : 18\n\n\n\nAnalysis\n\n───────────────────────────────────────────────\n\nUndefined variable in current scope\n\n\n\nPossible Causes\n\n───────────────────────────────────────────────\n\n• Variable was not declared in current or outer scope\n• Typo in variable identifier name\n\n\n\nAction\n\n───────────────────────────────────────────────\n\n• Declare variable with 'var <name> = <val>' before use\n• Check identifier spelling\n\n\n\n═══════════════════════════════════════════════\n\n═══════════════════════════════════════════════\n\nEXECUTION REPORT\n\n═══════════════════════════════════════════════\n\n\n\nResult      : FAILED\n\nCode        : [E2001] Semantic\n\nSubsystem   : Compiler\n\nStage       : Stage 1 (Vir Native)\n\n\n\nLocation\n\n───────────────────────────────────────────────\n\nFile        : /Users/gengyang/Vir/tests/spec_gap_contract/port_fifo_bounded.vri\n\nLine        : 19\n\n\n\nAnalysis\n\n───────────────────────────────────────────────\n\nUndefined variable in current scope\n\n\n\nPossible Causes\n\n───────────────────────────────────────────────\n\n• Variable was not declared in current or outer scope\n• Typo in variable identifier name\n\n\n\nAction\n\n───────────────────────────────────────────────\n\n• Declare variable with 'var <name> = <val>' before use\n• Check identifier spelling\n\n\n\n═══════════════════════════════════════════════\n\n═══════════════════════════════════════════════\n\nEXECUTION REPORT\n\n═══════════════════════════════════════════════\n\n\n\nResult      : FAILED\n\nCode        : [E2001] Semantic\n\nSubsystem   : Compiler\n\nStage       : Stage 1 (Vir Native)\n\n\n\nLocation\n\n───────────────────────────────────────────────\n\nFile        : /Users/gengyang/Vir/tests/spec_gap_contract/port_fifo_bounded.vri\n\nLine        : 23\n\n\n\nAnalysis\n\n───────────────────────────────────────────────\n\nUndefined variable in current scope\n\n\n\nPossible Causes\n\n───────────────────────────────────────────────\n\n• Variable was not declared in current or outer scope\n• Typo in variable identifier name\n\n\n\nAction\n\n───────────────────────────────────────────────\n\n• Declare variable with 'var <name> = <val>' before use\n• Check identifier spelling\n\n\n\n═══════════════════════════════════════════════\n\n═══════════════════════════════════════════════\n\nEXECUTION REPORT\n\n═══════════════════════════════════════════════\n\n\n\nResult      : FAILED\n\nCode        : [E2001] Semantic\n\nSubsystem   : Compiler\n\nStage       : Stage 1 (Vir Native)\n\n\n\nLocation\n\n───────────────────────────────────────────────\n\nFile        : /Users/gengyang/Vir/tests/spec_gap_contract/port_fifo_bounded.vri\n\nLine        : 24\n\n\n\nAnalysis\n\n───────────────────────────────────────────────\n\nUndefined variable in current scope\n\n\n\nPossible Causes\n\n───────────────────────────────────────────────\n\n• Variable was not declared in current or outer scope\n• Typo in variable identifier name\n\n\n\nAction\n\n───────────────────────────────────────────────\n\n• Declare variable with 'var <name> = <val>' before use\n• Check identifier spelling\n\n\n\n═══════════════════════════════════════════════\n\n═══════════════════════════════════════════════\n\nEXECUTION REPORT\n\n═══════════════════════════════════════════════\n\n\n\nResult      : WARNING\n\nCode        : [W4001] ControlFlow\n\nSubsystem   : Compiler\n\nStage       : Stage 1 (Vir Native)\n\n\n\nLocation\n\n───────────────────────────────────────────────\n\nFile        : /Users/gengyang/Vir/tests/spec_gap_contract/port_fifo_bounded.vri\n\nLine        : 10\n\n\n\nAnalysis\n\n───────────────────────────────────────────────\n\nMissing return statement on some code paths\n\n\n\nPossible Causes\n\n───────────────────────────────────────────────\n\n• Violation of Vir language specification semantic constraints\n\n\n\nAction\n\n───────────────────────────────────────────────\n\n• Review source code against Vir language specification\n\n\n\n═══════════════════════════════════════════════\n\n═══════════════════════════════════════════════\n\nEXECUTION REPORT\n\n═══════════════════════════════════════════════\n\n\n\nResult      : WARNING\n\nCode        : [W4001] ControlFlow\n\nSubsystem   : Compiler\n\nStage       : Stage 1 (Vir Native)\n\n\n\nLocation\n\n───────────────────────────────────────────────\n\nFile        : /Users/gengyang/Vir/tests/spec_gap_contract/port_fifo_bounded.vri\n\nLine        : 16\n\n\n\nAnalysis\n\n───────────────────────────────────────────────\n\nMissing return statement on some code paths\n\n\n\nPossible Causes\n\n───────────────────────────────────────────────\n\n• Violation of Vir language specification semantic constraints\n\n\n\nAction\n\n───────────────────────────────────────────────\n\n• Review source code against Vir language specification\n\n\n\n═══════════════════════════════════════════════\n\nvirc: 8 error(s), 2 warning(s)\n\nvirc: semantic analysis found 8 error(s)\n\nvirc: compilation aborted — 8 semantic error(s)
PORT-002	compile_fail	FAIL	macos-arm64	1		diagnostic missing required keyword 'port message type mismatch'	====================================\n\n  virc — Vir Self-Hosting Compiler\n\n  v3.2.0 — Register, Mold, Dict & Backend Correctness\n\n====================================\n\nvirc: reading /Users/gengyang/Vir/tests/spec_gap_contract/port_wrong_type_negative.vri...\n\nvirc: 145 bytes source\n\nvirc: expanding includes...\n\nvirc: 145 bytes after preprocess\n\nvirc: tokenizing...\n\nvirc: 18 tokens\n\nvirc: parsing...\n\nvirc: ast children 2\n\nvirc: running semantic analysis...\n\nvirc: semantic pass 1 — module & import resolution\n\nvirc: semantic pass 2 — symbol registration\n\nvirc: semantic pass 3 — name resolution\n\nvirc: semantic pass 4 — type resolution\n\nvirc: semantic pass 5 — type inference\n\nvirc: semantic pass 6 — type checking\n\nvirc: semantic pass 7 — control flow analysis\n\nvirc: semantic pass 8 — borrow analysis\n\nvirc: semantic pass 9 — constant folding\n\n═══════════════════════════════════════════════\n\nEXECUTION REPORT\n\n═══════════════════════════════════════════════\n\n\n\nResult      : FAILED\n\nCode        : [E2001] Semantic\n\nSubsystem   : Compiler\n\nStage       : Stage 1 (Vir Native)\n\n\n\nLocation\n\n───────────────────────────────────────────────\n\nFile        : /Users/gengyang/Vir/tests/spec_gap_contract/port_wrong_type_negative.vri\n\nLine        : 6\n\n\n\nAnalysis\n\n───────────────────────────────────────────────\n\nUndefined variable in current scope\n\n\n\nPossible Causes\n\n───────────────────────────────────────────────\n\n• Variable was not declared in current or outer scope\n• Typo in variable identifier name\n\n\n\nAction\n\n───────────────────────────────────────────────\n\n• Declare variable with 'var <name> = <val>' before use\n• Check identifier spelling\n\n\n\n═══════════════════════════════════════════════\n\nvirc: 1 error(s), 0 warning(s)\n\nvirc: semantic analysis found 1 error(s)\n\nvirc: compilation aborted — 1 semantic error(s)
PORT-003	run	FAIL	macos-arm64	1		Compilation failed with exit code 1	====================================\n\n  virc — Vir Self-Hosting Compiler\n\n  v3.2.0 — Register, Mold, Dict & Backend Correctness\n\n====================================\n\nvirc: reading /Users/gengyang/Vir/tests/spec_gap_contract/port_bounded_wraparound.vri...\n\nvirc: 459 bytes source\n\nvirc: expanding includes...\n\nvirc: 459 bytes after preprocess\n\nvirc: tokenizing...\n\nvirc: 101 tokens\n\nvirc: parsing...\n\nvirc: ast children 4\n\nvirc: running semantic analysis...\n\nvirc: semantic pass 1 — module & import resolution\n\nvirc: semantic pass 2 — symbol registration\n\nvirc: semantic pass 3 — name resolution\n\nvirc: semantic pass 4 — type resolution\n\nvirc: semantic pass 5 — type inference\n\nvirc: semantic pass 6 — type checking\n\nvirc: semantic pass 7 — control flow analysis\n\nvirc: semantic pass 8 — borrow analysis\n\nvirc: semantic pass 9 — constant folding\n\n═══════════════════════════════════════════════\n\nEXECUTION REPORT\n\n═══════════════════════════════════════════════\n\n\n\nResult      : FAILED\n\nCode        : [E2001] Semantic\n\nSubsystem   : Compiler\n\nStage       : Stage 1 (Vir Native)\n\n\n\nLocation\n\n───────────────────────────────────────────────\n\nFile        : /Users/gengyang/Vir/tests/spec_gap_contract/port_bounded_wraparound.vri\n\nLine        : 12\n\n\n\nAnalysis\n\n───────────────────────────────────────────────\n\nUndefined variable in current scope\n\n\n\nPossible Causes\n\n───────────────────────────────────────────────\n\n• Variable was not declared in current or outer scope\n• Typo in variable identifier name\n\n\n\nAction\n\n───────────────────────────────────────────────\n\n• Declare variable with 'var <name> = <val>' before use\n• Check identifier spelling\n\n\n\n═══════════════════════════════════════════════\n\n═══════════════════════════════════════════════\n\nEXECUTION REPORT\n\n═══════════════════════════════════════════════\n\n\n\nResult      : FAILED\n\nCode        : [E2001] Semantic\n\nSubsystem   : Compiler\n\nStage       : Stage 1 (Vir Native)\n\n\n\nLocation\n\n───────────────────────────────────────────────\n\nFile        : /Users/gengyang/Vir/tests/spec_gap_contract/port_bounded_wraparound.vri\n\nLine        : 13\n\n\n\nAnalysis\n\n───────────────────────────────────────────────\n\nUndefined variable in current scope\n\n\n\nPossible Causes\n\n───────────────────────────────────────────────\n\n• Variable was not declared in current or outer scope\n• Typo in variable identifier name\n\n\n\nAction\n\n───────────────────────────────────────────────\n\n• Declare variable with 'var <name> = <val>' before use\n• Check identifier spelling\n\n\n\n═══════════════════════════════════════════════\n\n═══════════════════════════════════════════════\n\nEXECUTION REPORT\n\n═══════════════════════════════════════════════\n\n\n\nResult      : FAILED\n\nCode        : [E2001] Semantic\n\nSubsystem   : Compiler\n\nStage       : Stage 1 (Vir Native)\n\n\n\nLocation\n\n───────────────────────────────────────────────\n\nFile        : /Users/gengyang/Vir/tests/spec_gap_contract/port_bounded_wraparound.vri\n\nLine        : 14\n\n\n\nAnalysis\n\n───────────────────────────────────────────────\n\nUndefined variable in current scope\n\n\n\nPossible Causes\n\n───────────────────────────────────────────────\n\n• Variable was not declared in current or outer scope\n• Typo in variable identifier name\n\n\n\nAction\n\n───────────────────────────────────────────────\n\n• Declare variable with 'var <name> = <val>' before use\n• Check identifier spelling\n\n\n\n═══════════════════════════════════════════════\n\n═══════════════════════════════════════════════\n\nEXECUTION REPORT\n\n═══════════════════════════════════════════════\n\n\n\nResult      : FAILED\n\nCode        : [E2001] Semantic\n\nSubsystem   : Compiler\n\nStage       : Stage 1 (Vir Native)\n\n\n\nLocation\n\n───────────────────────────────────────────────\n\nFile        : /Users/gengyang/Vir/tests/spec_gap_contract/port_bounded_wraparound.vri\n\nLine        : 15\n\n\n\nAnalysis\n\n───────────────────────────────────────────────\n\nUndefined variable in current scope\n\n\n\nPossible Causes\n\n───────────────────────────────────────────────\n\n• Variable was not declared in current or outer scope\n• Typo in variable identifier name\n\n\n\nAction\n\n───────────────────────────────────────────────\n\n• Declare variable with 'var <name> = <val>' before use\n• Check identifier spelling\n\n\n\n═══════════════════════════════════════════════\n\n═══════════════════════════════════════════════\n\nEXECUTION REPORT\n\n═══════════════════════════════════════════════\n\n\n\nResult      : FAILED\n\nCode        : [E2001] Semantic\n\nSubsystem   : Compiler\n\nStage       : Stage 1 (Vir Native)\n\n\n\nLocation\n\n───────────────────────────────────────────────\n\nFile        : /Users/gengyang/Vir/tests/spec_gap_contract/port_bounded_wraparound.vri\n\nLine        : 16\n\n\n\nAnalysis\n\n───────────────────────────────────────────────\n\nUndefined variable in current scope\n\n\n\nPossible Causes\n\n───────────────────────────────────────────────\n\n• Variable was not declared in current or outer scope\n• Typo in variable identifier name\n\n\n\nAction\n\n───────────────────────────────────────────────\n\n• Declare variable with 'var <name> = <val>' before use\n• Check identifier spelling\n\n\n\n═══════════════════════════════════════════════\n\n═══════════════════════════════════════════════\n\nEXECUTION REPORT\n\n═══════════════════════════════════════════════\n\n\n\nResult      : FAILED\n\nCode        : [E2001] Semantic\n\nSubsystem   : Compiler\n\nStage       : Stage 1 (Vir Native)\n\n\n\nLocation\n\n───────────────────────────────────────────────\n\nFile        : /Users/gengyang/Vir/tests/spec_gap_contract/port_bounded_wraparound.vri\n\nLine        : 20\n\n\n\nAnalysis\n\n───────────────────────────────────────────────\n\nUndefined variable in current scope\n\n\n\nPossible Causes\n\n───────────────────────────────────────────────\n\n• Variable was not declared in current or outer scope\n• Typo in variable identifier name\n\n\n\nAction\n\n───────────────────────────────────────────────\n\n• Declare variable with 'var <name> = <val>' before use\n• Check identifier spelling\n\n\n\n═══════════════════════════════════════════════\n\n═══════════════════════════════════════════════\n\nEXECUTION REPORT\n\n═══════════════════════════════════════════════\n\n\n\nResult      : FAILED\n\nCode        : [E2001] Semantic\n\nSubsystem   : Compiler\n\nStage       : Stage 1 (Vir Native)\n\n\n\nLocation\n\n───────────────────────────────────────────────\n\nFile        : /Users/gengyang/Vir/tests/spec_gap_contract/port_bounded_wraparound.vri\n\nLine        : 21\n\n\n\nAnalysis\n\n───────────────────────────────────────────────\n\nUndefined variable in current scope\n\n\n\nPossible Causes\n\n───────────────────────────────────────────────\n\n• Variable was not declared in current or outer scope\n• Typo in variable identifier name\n\n\n\nAction\n\n───────────────────────────────────────────────\n\n• Declare variable with 'var <name> = <val>' before use\n• Check identifier spelling\n\n\n\n═══════════════════════════════════════════════\n\n═══════════════════════════════════════════════\n\nEXECUTION REPORT\n\n═══════════════════════════════════════════════\n\n\n\nResult      : FAILED\n\nCode        : [E2001] Semantic\n\nSubsystem   : Compiler\n\nStage       : Stage 1 (Vir Native)\n\n\n\nLocation\n\n───────────────────────────────────────────────\n\nFile        : /Users/gengyang/Vir/tests/spec_gap_contract/port_bounded_wraparound.vri\n\nLine        : 22\n\n\n\nAnalysis\n\n───────────────────────────────────────────────\n\nUndefined variable in current scope\n\n\n\nPossible Causes\n\n───────────────────────────────────────────────\n\n• Variable was not declared in current or outer scope\n• Typo in variable identifier name\n\n\n\nAction\n\n───────────────────────────────────────────────\n\n• Declare variable with 'var <name> = <val>' before use\n• Check identifier spelling\n\n\n\n═══════════════════════════════════════════════\n\n═══════════════════════════════════════════════\n\nEXECUTION REPORT\n\n═══════════════════════════════════════════════\n\n\n\nResult      : FAILED\n\nCode        : [E2001] Semantic\n\nSubsystem   : Compiler\n\nStage       : Stage 1 (Vir Native)\n\n\n\nLocation\n\n───────────────────────────────────────────────\n\nFile        : /Users/gengyang/Vir/tests/spec_gap_contract/port_bounded_wraparound.vri\n\nLine        : 23\n\n\n\nAnalysis\n\n───────────────────────────────────────────────\n\nUndefined variable in current scope\n\n\n\nPossible Causes\n\n───────────────────────────────────────────────\n\n• Variable was not declared in current or outer scope\n• Typo in variable identifier name\n\n\n\nAction\n\n───────────────────────────────────────────────\n\n• Declare variable with 'var <name> = <val>' before use\n• Check identifier spelling\n\n\n\n═══════════════════════════════════════════════\n\n═══════════════════════════════════════════════\n\nEXECUTION REPORT\n\n═══════════════════════════════════════════════\n\n\n\nResult      : FAILED\n\nCode        : [E2001] Semantic\n\nSubsystem   : Compiler\n\nStage       : Stage 1 (Vir Native)\n\n\n\nLocation\n\n───────────────────────────────────────────────\n\nFile        : /Users/gengyang/Vir/tests/spec_gap_contract/port_bounded_wraparound.vri\n\nLine        : 24\n\n\n\nAnalysis\n\n───────────────────────────────────────────────\n\nUndefined variable in current scope\n\n\n\nPossible Causes\n\n───────────────────────────────────────────────\n\n• Variable was not declared in current or outer scope\n• Typo in variable identifier name\n\n\n\nAction\n\n───────────────────────────────────────────────\n\n• Declare variable with 'var <name> = <val>' before use\n• Check identifier spelling\n\n\n\n═══════════════════════════════════════════════\n\n═══════════════════════════════════════════════\n\nEXECUTION REPORT\n\n═══════════════════════════════════════════════\n\n\n\nResult      : FAILED\n\nCode        : [E2001] Semantic\n\nSubsystem   : Compiler\n\nStage       : Stage 1 (Vir Native)\n\n\n\nLocation\n\n───────────────────────────────────────────────\n\nFile        : /Users/gengyang/Vir/tests/spec_gap_contract/port_bounded_wraparound.vri\n\nLine        : 28\n\n\n\nAnalysis\n\n───────────────────────────────────────────────\n\nUndefined variable in current scope\n\n\n\nPossible Causes\n\n───────────────────────────────────────────────\n\n• Variable was not declared in current or outer scope\n• Typo in variable identifier name\n\n\n\nAction\n\n───────────────────────────────────────────────\n\n• Declare variable with 'var <name> = <val>' before use\n• Check identifier spelling\n\n\n\n═══════════════════════════════════════════════\n\n═══════════════════════════════════════════════\n\nEXECUTION REPORT\n\n═══════════════════════════════════════════════\n\n\n\nResult      : FAILED\n\nCode        : [E2001] Semantic\n\nSubsystem   : Compiler\n\nStage       : Stage 1 (Vir Native)\n\n\n\nLocation\n\n───────────────────────────────────────────────\n\nFile        : /Users/gengyang/Vir/tests/spec_gap_contract/port_bounded_wraparound.vri\n\nLine        : 29\n\n\n\nAnalysis\n\n───────────────────────────────────────────────\n\nUndefined variable in current scope\n\n\n\nPossible Causes\n\n───────────────────────────────────────────────\n\n• Variable was not declared in current or outer scope\n• Typo in variable identifier name\n\n\n\nAction\n\n───────────────────────────────────────────────\n\n• Declare variable with 'var <name> = <val>' before use\n• Check identifier spelling\n\n\n\n═══════════════════════════════════════════════\n\n═══════════════════════════════════════════════\n\nEXECUTION REPORT\n\n═══════════════════════════════════════════════\n\n\n\nResult      : WARNING\n\nCode        : [W4001] ControlFlow\n\nSubsystem   : Compiler\n\nStage       : Stage 1 (Vir Native)\n\n\n\nLocation\n\n───────────────────────────────────────────────\n\nFile        : /Users/gengyang/Vir/tests/spec_gap_contract/port_bounded_wraparound.vri\n\nLine        : 11\n\n\n\nAnalysis\n\n───────────────────────────────────────────────\n\nMissing return statement on some code paths\n\n\n\nPossible Causes\n\n───────────────────────────────────────────────\n\n• Violation of Vir language specification semantic constraints\n\n\n\nAction\n\n───────────────────────────────────────────────\n\n• Review source code against Vir language specification\n\n\n\n═══════════════════════════════════════════════\n\n═══════════════════════════════════════════════\n\nEXECUTION REPORT\n\n═══════════════════════════════════════════════\n\n\n\nResult      : WARNING\n\nCode        : [W4001] ControlFlow\n\nSubsystem   : Compiler\n\nStage       : Stage 1 (Vir Native)\n\n\n\nLocation\n\n───────────────────────────────────────────────\n\nFile        : /Users/gengyang/Vir/tests/spec_gap_contract/port_bounded_wraparound.vri\n\nLine        : 19\n\n\n\nAnalysis\n\n───────────────────────────────────────────────\n\nMissing return statement on some code paths\n\n\n\nPossible Causes\n\n───────────────────────────────────────────────\n\n• Violation of Vir language specification semantic constraints\n\n\n\nAction\n\n───────────────────────────────────────────────\n\n• Review source code against Vir language specification\n\n\n\n═══════════════════════════════════════════════\n\nvirc: 12 error(s), 2 warning(s)\n\nvirc: semantic analysis found 12 error(s)\n\nvirc: compilation aborted — 12 semantic error(s)
PORT-004	run	FAIL	macos-arm64	1		Compilation failed with exit code 1	====================================\n\n  virc — Vir Self-Hosting Compiler\n\n  v3.2.0 — Register, Mold, Dict & Backend Correctness\n\n====================================\n\nvirc: reading /Users/gengyang/Vir/tests/spec_gap_contract/port_empty_recv_suspends.vri...\n\nvirc: 330 bytes source\n\nvirc: expanding includes...\n\nvirc: 330 bytes after preprocess\n\nvirc: tokenizing...\n\nvirc: 69 tokens\n\nvirc: parsing...\n\nvirc: ast children 4\n\nvirc: running semantic analysis...\n\nvirc: semantic pass 1 — module & import resolution\n\nvirc: semantic pass 2 — symbol registration\n\nvirc: semantic pass 3 — name resolution\n\nvirc: semantic pass 4 — type resolution\n\nvirc: semantic pass 5 — type inference\n\nvirc: semantic pass 6 — type checking\n\nvirc: semantic pass 7 — control flow analysis\n\nvirc: semantic pass 8 — borrow analysis\n\nvirc: semantic pass 9 — constant folding\n\n═══════════════════════════════════════════════\n\nEXECUTION REPORT\n\n═══════════════════════════════════════════════\n\n\n\nResult      : FAILED\n\nCode        : [E2001] Semantic\n\nSubsystem   : Compiler\n\nStage       : Stage 1 (Vir Native)\n\n\n\nLocation\n\n───────────────────────────────────────────────\n\nFile        : /Users/gengyang/Vir/tests/spec_gap_contract/port_empty_recv_suspends.vri\n\nLine        : 11\n\n\n\nAnalysis\n\n───────────────────────────────────────────────\n\nUndefined variable in current scope\n\n\n\nPossible Causes\n\n───────────────────────────────────────────────\n\n• Variable was not declared in current or outer scope\n• Typo in variable identifier name\n\n\n\nAction\n\n───────────────────────────────────────────────\n\n• Declare variable with 'var <name> = <val>' before use\n• Check identifier spelling\n\n\n\n═══════════════════════════════════════════════\n\n═══════════════════════════════════════════════\n\nEXECUTION REPORT\n\n═══════════════════════════════════════════════\n\n\n\nResult      : FAILED\n\nCode        : [E2001] Semantic\n\nSubsystem   : Compiler\n\nStage       : Stage 1 (Vir Native)\n\n\n\nLocation\n\n───────────────────────────────────────────────\n\nFile        : /Users/gengyang/Vir/tests/spec_gap_contract/port_empty_recv_suspends.vri\n\nLine        : 17\n\n\n\nAnalysis\n\n───────────────────────────────────────────────\n\nUndefined variable in current scope\n\n\n\nPossible Causes\n\n───────────────────────────────────────────────\n\n• Variable was not declared in current or outer scope\n• Typo in variable identifier name\n\n\n\nAction\n\n───────────────────────────────────────────────\n\n• Declare variable with 'var <name> = <val>' before use\n• Check identifier spelling\n\n\n\n═══════════════════════════════════════════════\n\n═══════════════════════════════════════════════\n\nEXECUTION REPORT\n\n═══════════════════════════════════════════════\n\n\n\nResult      : FAILED\n\nCode        : [E2001] Semantic\n\nSubsystem   : Compiler\n\nStage       : Stage 1 (Vir Native)\n\n\n\nLocation\n\n───────────────────────────────────────────────\n\nFile        : /Users/gengyang/Vir/tests/spec_gap_contract/port_empty_recv_suspends.vri\n\nLine        : 21\n\n\n\nAnalysis\n\n───────────────────────────────────────────────\n\nUndefined variable in current scope\n\n\n\nPossible Causes\n\n───────────────────────────────────────────────\n\n• Variable was not declared in current or outer scope\n• Typo in variable identifier name\n\n\n\nAction\n\n───────────────────────────────────────────────\n\n• Declare variable with 'var <name> = <val>' before use\n• Check identifier spelling\n\n\n\n═══════════════════════════════════════════════\n\n═══════════════════════════════════════════════\n\nEXECUTION REPORT\n\n═══════════════════════════════════════════════\n\n\n\nResult      : FAILED\n\nCode        : [E2001] Semantic\n\nSubsystem   : Compiler\n\nStage       : Stage 1 (Vir Native)\n\n\n\nLocation\n\n───────────────────────────────────────────────\n\nFile        : /Users/gengyang/Vir/tests/spec_gap_contract/port_empty_recv_suspends.vri\n\nLine        : 22\n\n\n\nAnalysis\n\n───────────────────────────────────────────────\n\nUndefined variable in current scope\n\n\n\nPossible Causes\n\n───────────────────────────────────────────────\n\n• Variable was not declared in current or outer scope\n• Typo in variable identifier name\n\n\n\nAction\n\n───────────────────────────────────────────────\n\n• Declare variable with 'var <name> = <val>' before use\n• Check identifier spelling\n\n\n\n═══════════════════════════════════════════════\n\n═══════════════════════════════════════════════\n\nEXECUTION REPORT\n\n═══════════════════════════════════════════════\n\n\n\nResult      : WARNING\n\nCode        : [W4001] ControlFlow\n\nSubsystem   : Compiler\n\nStage       : Stage 1 (Vir Native)\n\n\n\nLocation\n\n───────────────────────────────────────────────\n\nFile        : /Users/gengyang/Vir/tests/spec_gap_contract/port_empty_recv_suspends.vri\n\nLine        : 9\n\n\n\nAnalysis\n\n───────────────────────────────────────────────\n\nMissing return statement on some code paths\n\n\n\nPossible Causes\n\n───────────────────────────────────────────────\n\n• Violation of Vir language specification semantic constraints\n\n\n\nAction\n\n───────────────────────────────────────────────\n\n• Review source code against Vir language specification\n\n\n\n═══════════════════════════════════════════════\n\n═══════════════════════════════════════════════\n\nEXECUTION REPORT\n\n═══════════════════════════════════════════════\n\n\n\nResult      : WARNING\n\nCode        : [W4001] ControlFlow\n\nSubsystem   : Compiler\n\nStage       : Stage 1 (Vir Native)\n\n\n\nLocation\n\n───────────────────────────────────────────────\n\nFile        : /Users/gengyang/Vir/tests/spec_gap_contract/port_empty_recv_suspends.vri\n\nLine        : 15\n\n\n\nAnalysis\n\n───────────────────────────────────────────────\n\nMissing return statement on some code paths\n\n\n\nPossible Causes\n\n───────────────────────────────────────────────\n\n• Violation of Vir language specification semantic constraints\n\n\n\nAction\n\n───────────────────────────────────────────────\n\n• Review source code against Vir language specification\n\n\n\n═══════════════════════════════════════════════\n\nvirc: 4 error(s), 2 warning(s)\n\nvirc: semantic analysis found 4 error(s)\n\nvirc: compilation aborted — 4 semantic error(s)
PORT-005	compile_fail	FAIL	macos-arm64	1		diagnostic missing required keyword 'use after move'	====================================\n\n  virc — Vir Self-Hosting Compiler\n\n  v3.2.0 — Register, Mold, Dict & Backend Correctness\n\n====================================\n\nvirc: reading /Users/gengyang/Vir/tests/spec_gap_contract/port_move_after_send_negative.vri...\n\nvirc: 196 bytes source\n\nvirc: expanding includes...\n\nvirc: 196 bytes after preprocess\n\nvirc: tokenizing...\n\nvirc: 26 tokens\n\nvirc: parsing...\n\nvirc: ast children 2\n\nvirc: running semantic analysis...\n\nvirc: semantic pass 1 — module & import resolution\n\nvirc: semantic pass 2 — symbol registration\n\nvirc: semantic pass 3 — name resolution\n\nvirc: semantic pass 4 — type resolution\n\nvirc: semantic pass 5 — type inference\n\nvirc: semantic pass 6 — type checking\n\nvirc: semantic pass 7 — control flow analysis\n\nvirc: semantic pass 8 — borrow analysis\n\nvirc: semantic pass 9 — constant folding\n\n═══════════════════════════════════════════════\n\nEXECUTION REPORT\n\n═══════════════════════════════════════════════\n\n\n\nResult      : FAILED\n\nCode        : [E2001] Semantic\n\nSubsystem   : Compiler\n\nStage       : Stage 1 (Vir Native)\n\n\n\nLocation\n\n───────────────────────────────────────────────\n\nFile        : /Users/gengyang/Vir/tests/spec_gap_contract/port_move_after_send_negative.vri\n\nLine        : 7\n\n\n\nAnalysis\n\n───────────────────────────────────────────────\n\nUndefined variable in current scope\n\n\n\nPossible Causes\n\n───────────────────────────────────────────────\n\n• Variable was not declared in current or outer scope\n• Typo in variable identifier name\n\n\n\nAction\n\n───────────────────────────────────────────────\n\n• Declare variable with 'var <name> = <val>' before use\n• Check identifier spelling\n\n\n\n═══════════════════════════════════════════════\n\nvirc: 1 error(s), 0 warning(s)\n\nvirc: semantic analysis found 1 error(s)\n\nvirc: compilation aborted — 1 semantic error(s)
PORT-006	run	FAIL	macos-arm64	1		Compilation failed with exit code 1	====================================\n\n  virc — Vir Self-Hosting Compiler\n\n  v3.2.0 — Register, Mold, Dict & Backend Correctness\n\n====================================\n\nvirc: reading /Users/gengyang/Vir/tests/spec_gap_contract/port_select_single_winner.vri...\n\nvirc: 434 bytes source\n\nvirc: expanding includes...\n\nvirc: 434 bytes after preprocess\n\nvirc: tokenizing...\n\nvirc: 102 tokens\n\nvirc: parsing...\n\nline 14: [E1004] expected expression [tok=109]\n\nline 24: expected 'end' to close function [tok=5]\n\n\n\nvirc: ast children 3\n\n\n\nvirc: parse warning at <expanded>:14 (expanded line 14): skipping semantic analysis for partial AST
SIMD-001	run	FAIL	macos-arm64	1		Compilation failed with exit code 1	====================================\n\n  virc — Vir Self-Hosting Compiler\n\n  v3.2.0 — Register, Mold, Dict & Backend Correctness\n\n====================================\n\nvirc: reading /Users/gengyang/Vir/tests/spec_gap_contract/flux_swizzle_e2e.vri...\n\nvirc: 339 bytes source\n\nvirc: expanding includes...\n\nvirc: 339 bytes after preprocess\n\nvirc: tokenizing...\n\nvirc: 89 tokens\n\nvirc: parsing...\n\nline 18: [E1004] expected expression [tok=90]\n\nvirc: ast children 0\n\n\n\nvirc: parse warning at <expanded>:18 (expanded line 18): skipping semantic analysis for partial AST
SIMD-002	compile_fail	FAIL	macos-arm64	1		diagnostic missing required keyword 'duplicate swizzle lane'	====================================\n\n  virc — Vir Self-Hosting Compiler\n\n  v3.2.0 — Register, Mold, Dict & Backend Correctness\n\n====================================\n\nvirc: reading /Users/gengyang/Vir/tests/spec_gap_contract/swizzle_duplicate_write_negative.vri...\n\nvirc: 171 bytes source\n\nvirc: expanding includes...\n\nvirc: 171 bytes after preprocess\n\nvirc: tokenizing...\n\nvirc: 40 tokens\n\nvirc: parsing...\n\nline 5: [E1004] expected expression [tok=90]\n\nvirc: ast children 0\n\n\n\nvirc: parse warning at <expanded>:5 (expanded line 5): skipping semantic analysis for partial AST
SIMD-003	run	FAIL	macos-arm64	1		Compilation failed with exit code 1	====================================\n\n  virc — Vir Self-Hosting Compiler\n\n  v3.2.0 — Register, Mold, Dict & Backend Correctness\n\n====================================\n\nvirc: reading /Users/gengyang/Vir/tests/spec_gap_contract/swizzle_repeated_read_aliases.vri...\n\nvirc: 270 bytes source\n\nvirc: expanding includes...\n\nvirc: 270 bytes after preprocess\n\nvirc: tokenizing...\n\nvirc: 67 tokens\n\nvirc: parsing...\n\nvirc: ast children 1\n\nvirc: running semantic analysis...\n\nvirc: semantic pass 1 — module & import resolution\n\nvirc: semantic pass 2 — symbol registration\n\nvirc: semantic pass 3 — name resolution\n\nvirc: semantic pass 4 — type resolution\n\nvirc: semantic pass 5 — type inference\n\nvirc: semantic pass 6 — type checking\n\nvirc: semantic pass 7 — control flow analysis\n\nvirc: semantic pass 8 — borrow analysis\n\nvirc: semantic pass 9 — constant folding\n\n═══════════════════════════════════════════════\n\nEXECUTION REPORT\n\n═══════════════════════════════════════════════\n\n\n\nResult      : FAILED\n\nCode        : [E1003] Parser\n\nSubsystem   : Compiler\n\nStage       : Stage 1 (Vir Native)\n\n\n\nLocation\n\n───────────────────────────────────────────────\n\nFile        : /Users/gengyang/Vir/tests/spec_gap_contract/swizzle_repeated_read_aliases.vri\n\nLine        : 9\n\n\n\nAnalysis\n\n───────────────────────────────────────────────\n\nMissing colon ':' after condition or signature\n\n\n\nPossible Causes\n\n───────────────────────────────────────────────\n\n• Violation of Vir language specification semantic constraints\n\n\n\nAction\n\n───────────────────────────────────────────────\n\n• Review source code against Vir language specification\n\n\n\n═══════════════════════════════════════════════\n\nvirc: 1 error(s), 0 warning(s)\n\nvirc: semantic analysis found 1 error(s)\n\nvirc: compilation aborted — 1 semantic error(s)
SIMD-004	compile_fail	FAIL	macos-arm64	1		diagnostic missing required keyword 'swizzle width mismatch'	====================================\n\n  virc — Vir Self-Hosting Compiler\n\n  v3.2.0 — Register, Mold, Dict & Backend Correctness\n\n====================================\n\nvirc: reading /Users/gengyang/Vir/tests/spec_gap_contract/swizzle_width_mismatch_negative.vri...\n\nvirc: 176 bytes source\n\nvirc: expanding includes...\n\nvirc: 176 bytes after preprocess\n\nvirc: tokenizing...\n\nvirc: 40 tokens\n\nvirc: parsing...\n\nline 5: [E1004] expected expression [tok=90]\n\nvirc: ast children 0\n\n\n\nvirc: parse warning at <expanded>:5 (expanded line 5): skipping semantic analysis for partial AST
SIMD-005	compile_fail	FAIL	macos-arm64	1		diagnostic missing required keyword 'swizzle lane out of range'	====================================\n\n  virc — Vir Self-Hosting Compiler\n\n  v3.2.0 — Register, Mold, Dict & Backend Correctness\n\n====================================\n\nvirc: reading /Users/gengyang/Vir/tests/spec_gap_contract/swizzle_lane_out_of_range_negative.vri...\n\nvirc: 187 bytes source\n\nvirc: expanding includes...\n\nvirc: 187 bytes after preprocess\n\nvirc: tokenizing...\n\nvirc: 38 tokens\n\nvirc: parsing...\n\nvirc: ast children 1\n\nvirc: running semantic analysis...\n\nvirc: semantic pass 1 — module & import resolution\n\nvirc: semantic pass 2 — symbol registration\n\nvirc: semantic pass 3 — name resolution\n\nvirc: semantic pass 4 — type resolution\n\nvirc: semantic pass 5 — type inference\n\nvirc: semantic pass 6 — type checking\n\nvirc: semantic pass 7 — control flow analysis\n\nvirc: semantic pass 8 — borrow analysis\n\nvirc: semantic pass 9 — constant folding\n\n═══════════════════════════════════════════════\n\nEXECUTION REPORT\n\n═══════════════════════════════════════════════\n\n\n\nResult      : FAILED\n\nCode        : [E1003] Parser\n\nSubsystem   : Compiler\n\nStage       : Stage 1 (Vir Native)\n\n\n\nLocation\n\n───────────────────────────────────────────────\n\nFile        : /Users/gengyang/Vir/tests/spec_gap_contract/swizzle_lane_out_of_range_negative.vri\n\nLine        : 4\n\n\n\nAnalysis\n\n───────────────────────────────────────────────\n\nMissing colon ':' after condition or signature\n\n\n\nPossible Causes\n\n───────────────────────────────────────────────\n\n• Violation of Vir language specification semantic constraints\n\n\n\nAction\n\n───────────────────────────────────────────────\n\n• Review source code against Vir language specification\n\n\n\n═══════════════════════════════════════════════\n\nvirc: 1 error(s), 0 warning(s)\n\nvirc: semantic analysis found 1 error(s)\n\nvirc: compilation aborted — 1 semantic error(s)
SIMD-006	compile_fail	FAIL	macos-arm64	1		diagnostic missing required keyword 'flux width power of two'	====================================\n\n  virc — Vir Self-Hosting Compiler\n\n  v3.2.0 — Register, Mold, Dict & Backend Correctness\n\n====================================\n\nvirc: reading /Users/gengyang/Vir/tests/spec_gap_contract/flux_width_non_power_two_negative.vri...\n\nvirc: 162 bytes source\n\nvirc: expanding includes...\n\nvirc: 162 bytes after preprocess\n\nvirc: tokenizing...\n\nvirc: 33 tokens\n\nvirc: parsing...\n\nvirc: ast children 1\n\nvirc: running semantic analysis...\n\nvirc: semantic pass 1 — module & import resolution\n\nvirc: semantic pass 2 — symbol registration\n\nvirc: semantic pass 3 — name resolution\n\nvirc: semantic pass 4 — type resolution\n\nvirc: semantic pass 5 — type inference\n\nvirc: semantic pass 6 — type checking\n\nvirc: semantic pass 7 — control flow analysis\n\nvirc: semantic pass 8 — borrow analysis\n\nvirc: semantic pass 9 — constant folding\n\n═══════════════════════════════════════════════\n\nEXECUTION REPORT\n\n═══════════════════════════════════════════════\n\n\n\nResult      : FAILED\n\nCode        : [E1003] Parser\n\nSubsystem   : Compiler\n\nStage       : Stage 1 (Vir Native)\n\n\n\nLocation\n\n───────────────────────────────────────────────\n\nFile        : /Users/gengyang/Vir/tests/spec_gap_contract/flux_width_non_power_two_negative.vri\n\nLine        : 4\n\n\n\nAnalysis\n\n───────────────────────────────────────────────\n\nMissing colon ':' after condition or signature\n\n\n\nPossible Causes\n\n───────────────────────────────────────────────\n\n• Violation of Vir language specification semantic constraints\n\n\n\nAction\n\n───────────────────────────────────────────────\n\n• Review source code against Vir language specification\n\n\n\n═══════════════════════════════════════════════\n\nvirc: 1 error(s), 0 warning(s)\n\nvirc: semantic analysis found 1 error(s)\n\nvirc: compilation aborted — 1 semantic error(s)
UI-001	compile_fail	FAIL	macos-arm64	0		Compiler unexpectedly generated an artifact for negative test	====================================\n\n  virc — Vir Self-Hosting Compiler\n\n  v3.2.0 — Register, Mold, Dict & Backend Correctness\n\n====================================\n\nvirc: reading /Users/gengyang/Vir/tests/spec_gap_contract/reactive_local_negative.vri...\n\nvirc: 168 bytes source\n\nvirc: expanding includes...\n\nvirc: 168 bytes after preprocess\n\nvirc: tokenizing...\n\nvirc: 19 tokens\n\nvirc: parsing...\n\nvirc: ast children 1\n\nvirc: running semantic analysis...\n\nvirc: semantic pass 1 — module & import resolution\n\nvirc: semantic pass 2 — symbol registration\n\nvirc: semantic pass 3 — name resolution\n\nvirc: semantic pass 4 — type resolution\n\nvirc: semantic pass 5 — type inference\n\nvirc: semantic pass 6 — type checking\n\nvirc: semantic pass 7 — control flow analysis\n\nvirc: semantic pass 8 — borrow analysis\n\nvirc: semantic pass 9 — constant folding\n\nvirc: semantic analysis 100% complete (10 passes)\n\nvirc: lowering via v2.0 MIR/SSA/LIR pipeline...\n\nvirc: pipeline — lowering AST to MIR...\n\nvirc: pipeline — AST->MIR func 1 : main\n\nvirc: pipeline — SSA + MIR opts on 2 function(s)...\n\nvirc: pipeline — MIR func 1/2\n\nvirc: pipeline — MIR func 2/2\n\nvirc: pipeline — MIR spec opts complete, lowering to LIR...\n\nvirc: pipeline — Chaitin-Briggs regalloc + George-Appel coalescing...\n\nvirc: pipeline — regalloc func 1/2\n\nvirc: pipeline — regalloc func 2/2\n\nvirc: pipeline — LIR lowering complete (Q-IR fallback bypassed)\n\nvirc: 2 function(s) lowered to LIR\n\nvirc: generating macos-arm64 machine code...\n\nvirc: 5060 bytes machine code\n\nvirc: linking Mach-O macos-arm64 executable...\n\nvirc: done! /var/folders/fq/kbv8m0vs65qgmgz96_byxl480000gn/T/spec_gap_d4kj6s0y/test_artifact (5060 bytes code)
UI-002	run	FAIL	macos-arm64	0	0	Stdout mismatch: expected 'bundle-contract-ok', got '0'	0
UI-003	compile_fail	FAIL	macos-arm64	0		Compiler unexpectedly generated an artifact for negative test	====================================\n\n  virc — Vir Self-Hosting Compiler\n\n  v3.2.0 — Register, Mold, Dict & Backend Correctness\n\n====================================\n\nvirc: reading /Users/gengyang/Vir/tests/spec_gap_contract/isolate_io_negative.vri...\n\nvirc: 151 bytes source\n\nvirc: expanding includes...\n\nvirc: 151 bytes after preprocess\n\nvirc: tokenizing...\n\nvirc: 16 tokens\n\nvirc: parsing...\n\nvirc: ast children 1\n\nvirc: running semantic analysis...\n\nvirc: semantic pass 1 — module & import resolution\n\nvirc: semantic pass 2 — symbol registration\n\nvirc: semantic pass 3 — name resolution\n\nvirc: semantic pass 4 — type resolution\n\nvirc: semantic pass 5 — type inference\n\nvirc: semantic pass 6 — type checking\n\nvirc: semantic pass 7 — control flow analysis\n\nvirc: semantic pass 8 — borrow analysis\n\nvirc: semantic pass 9 — constant folding\n\nvirc: semantic analysis 100% complete (10 passes)\n\nvirc: lowering via v2.0 MIR/SSA/LIR pipeline...\n\nvirc: pipeline — lowering AST to MIR...\n\nvirc: pipeline — AST->MIR func 1 : main\n\nvirc: pipeline — SSA + MIR opts on 2 function(s)...\n\nvirc: pipeline — MIR func 1/2\n\nvirc: pipeline — MIR func 2/2\n\nvirc: pipeline — MIR spec opts complete, lowering to LIR...\n\nvirc: pipeline — Chaitin-Briggs regalloc + George-Appel coalescing...\n\nvirc: pipeline — regalloc func 1/2\n\nvirc: pipeline — regalloc func 2/2\n\nvirc: pipeline — LIR lowering complete (Q-IR fallback bypassed)\n\nvirc: 2 function(s) lowered to LIR\n\nvirc: generating macos-arm64 machine code...\n\nvirc: 5060 bytes machine code\n\nvirc: linking Mach-O macos-arm64 executable...\n\nvirc: done! /var/folders/fq/kbv8m0vs65qgmgz96_byxl480000gn/T/spec_gap_qsuosjt4/test_artifact (5060 bytes code)
UI-004	blocked_contract	BLOCKED	macos-arm64			Reactive invalidation/UI backend observation contract required	
UI-005	blocked_contract	BLOCKED	macos-arm64			Expose build flag and generated endpoint ABI required	
UI-006	compile_fail	FAIL	macos-arm64	0		Compiler unexpectedly generated an artifact for negative test	====================================\n\n  virc — Vir Self-Hosting Compiler\n\n  v3.2.0 — Register, Mold, Dict & Backend Correctness\n\n====================================\n\nvirc: reading /Users/gengyang/Vir/tests/spec_gap_contract/bundle_missing_file_negative.vri...\n\nvirc: 166 bytes source\n\nvirc: expanding includes...\n\nvirc: 166 bytes after preprocess\n\nvirc: tokenizing...\n\nvirc: 19 tokens\n\nvirc: parsing...\n\nvirc: ast children 2\n\nvirc: running semantic analysis...\n\nvirc: semantic pass 1 — module & import resolution\n\nvirc: semantic pass 2 — symbol registration\n\nvirc: semantic pass 3 — name resolution\n\nvirc: semantic pass 4 — type resolution\n\nvirc: semantic pass 5 — type inference\n\nvirc: semantic pass 6 — type checking\n\nvirc: semantic pass 7 — control flow analysis\n\nvirc: semantic pass 8 — borrow analysis\n\nvirc: semantic pass 9 — constant folding\n\nvirc: semantic analysis 100% complete (10 passes)\n\nvirc: lowering via v2.0 MIR/SSA/LIR pipeline...\n\nvirc: pipeline — lowering AST to MIR...\n\nvirc: pipeline — AST->MIR func 1 : main\n\nvirc: pipeline — SSA + MIR opts on 2 function(s)...\n\nvirc: pipeline — MIR func 1/2\n\nvirc: pipeline — MIR func 2/2\n\nvirc: pipeline — MIR spec opts complete, lowering to LIR...\n\nvirc: pipeline — Chaitin-Briggs regalloc + George-Appel coalescing...\n\nvirc: pipeline — regalloc func 1/2\n\nvirc: pipeline — regalloc func 2/2\n\nvirc: pipeline — LIR lowering complete (Q-IR fallback bypassed)\n\nvirc: 2 function(s) lowered to LIR\n\nvirc: generating macos-arm64 machine code...\n\nvirc: 5036 bytes machine code\n\nvirc: linking Mach-O macos-arm64 executable...\n\nvirc: done! /var/folders/fq/kbv8m0vs65qgmgz96_byxl480000gn/T/spec_gap_42v3awi4/test_artifact (5036 bytes code)
UI-007	run	FAIL	macos-arm64	0	0	Stdout mismatch: expected 'Vir-UTF8-đúng', got '0'	0
UI-008	compile_fail	FAIL	macos-arm64	0		Compiler unexpectedly generated an artifact for negative test	====================================\n\n  virc — Vir Self-Hosting Compiler\n\n  v3.2.0 — Register, Mold, Dict & Backend Correctness\n\n====================================\n\nvirc: reading /Users/gengyang/Vir/tests/spec_gap_contract/isolate_outer_capture_negative.vri...\n\nvirc: 169 bytes source\n\nvirc: expanding includes...\n\nvirc: 169 bytes after preprocess\n\nvirc: tokenizing...\n\nvirc: 23 tokens\n\nvirc: parsing...\n\nvirc: ast children 2\n\nvirc: running semantic analysis...\n\nvirc: semantic pass 1 — module & import resolution\n\nvirc: semantic pass 2 — symbol registration\n\nvirc: semantic pass 3 — name resolution\n\nvirc: semantic pass 4 — type resolution\n\nvirc: semantic pass 5 — type inference\n\nvirc: semantic pass 6 — type checking\n\nvirc: semantic pass 7 — control flow analysis\n\nvirc: semantic pass 8 — borrow analysis\n\nvirc: semantic pass 9 — constant folding\n\nvirc: semantic analysis 100% complete (10 passes)\n\nvirc: lowering via v2.0 MIR/SSA/LIR pipeline...\n\nvirc: pipeline — lowering AST to MIR...\n\nvirc: pipeline — AST->MIR func 1 : main\n\nvirc: pipeline — SSA + MIR opts on 2 function(s)...\n\nvirc: pipeline — MIR func 1/2\n\nvirc: pipeline — MIR func 2/2\n\nvirc: pipeline — MIR spec opts complete, lowering to LIR...\n\nvirc: pipeline — Chaitin-Briggs regalloc + George-Appel coalescing...\n\nvirc: pipeline — regalloc func 1/2\n\nvirc: pipeline — regalloc func 2/2\n\nvirc: pipeline — LIR lowering complete (Q-IR fallback bypassed)\n\nvirc: 2 function(s) lowered to LIR\n\nvirc: generating macos-arm64 machine code...\n\nvirc: 5060 bytes machine code\n\nvirc: linking Mach-O macos-arm64 executable...\n\nvirc: done! /var/folders/fq/kbv8m0vs65qgmgz96_byxl480000gn/T/spec_gap_i67lk206/test_artifact (5060 bytes code)
UI-009	compile_fail	FAIL	macos-arm64	0		Compiler unexpectedly generated an artifact for negative test	====================================\n\n  virc — Vir Self-Hosting Compiler\n\n  v3.2.0 — Register, Mold, Dict & Backend Correctness\n\n====================================\n\nvirc: reading /Users/gengyang/Vir/tests/spec_gap_contract/isolate_unexposed_call_negative.vri...\n\nvirc: 221 bytes source\n\nvirc: expanding includes...\n\nvirc: 221 bytes after preprocess\n\nvirc: tokenizing...\n\nvirc: 37 tokens\n\nvirc: parsing...\n\nvirc: ast children 2\n\nvirc: running semantic analysis...\n\nvirc: semantic pass 1 — module & import resolution\n\nvirc: semantic pass 2 — symbol registration\n\nvirc: semantic pass 3 — name resolution\n\nvirc: semantic pass 4 — type resolution\n\nvirc: semantic pass 5 — type inference\n\nvirc: semantic pass 6 — type checking\n\nvirc: semantic pass 7 — control flow analysis\n\nvirc: semantic pass 8 — borrow analysis\n\nvirc: semantic pass 9 — constant folding\n\nvirc: semantic analysis 100% complete (10 passes)\n\nvirc: lowering via v2.0 MIR/SSA/LIR pipeline...\n\nvirc: pipeline — lowering AST to MIR...\n\nvirc: pipeline — AST->MIR func 1 : private_value\n\nvirc: pipeline — AST->MIR func 2 : main\n\nvirc: pipeline — SSA + MIR opts on 3 function(s)...\n\nvirc: pipeline — MIR func 1/3\n\nvirc: pipeline — MIR func 3/3\n\nvirc: pipeline — MIR spec opts complete, lowering to LIR...\n\nvirc: pipeline — Chaitin-Briggs regalloc + George-Appel coalescing...\n\nvirc: pipeline — regalloc func 1/3\n\nvirc: pipeline — regalloc func 3/3\n\nvirc: pipeline — LIR lowering complete (Q-IR fallback bypassed)\n\nvirc: 3 function(s) lowered to LIR\n\nvirc: generating macos-arm64 machine code...\n\nvirc: 5220 bytes machine code\n\nvirc: linking Mach-O macos-arm64 executable...\n\nvirc: done! /var/folders/fq/kbv8m0vs65qgmgz96_byxl480000gn/T/spec_gap_juwmt8oy/test_artifact (5220 bytes code)
FFI-001	compile_fail	FAIL	macos-arm64	0		Compiler unexpectedly generated an artifact for negative test	====================================\n\n  virc — Vir Self-Hosting Compiler\n\n  v3.2.0 — Register, Mold, Dict & Backend Correctness\n\n====================================\n\nvirc: reading /Users/gengyang/Vir/tests/spec_gap_contract/bind_c_body_negative.vri...\n\nvirc: 192 bytes source\n\nvirc: expanding includes...\n\nvirc: 192 bytes after preprocess\n\nvirc: tokenizing...\n\nvirc: 45 tokens\n\nvirc: parsing...\n\nvirc: ast children 2\n\nvirc: running semantic analysis...\n\nvirc: semantic pass 1 — module & import resolution\n\nvirc: semantic pass 2 — symbol registration\n\nvirc: semantic pass 3 — name resolution\n\nvirc: semantic pass 4 — type resolution\n\nvirc: semantic pass 5 — type inference\n\nvirc: semantic pass 6 — type checking\n\nvirc: semantic pass 7 — control flow analysis\n\nvirc: semantic pass 8 — borrow analysis\n\nvirc: semantic pass 9 — constant folding\n\nvirc: semantic analysis 100% complete (10 passes)\n\nvirc: lowering via v2.0 MIR/SSA/LIR pipeline...\n\nvirc: pipeline — lowering AST to MIR...\n\nvirc: pipeline — AST->MIR func 1 : foreign_add\n\nvirc: pipeline — AST->MIR func 2 : main\n\nvirc: pipeline — SSA + MIR opts on 3 function(s)...\n\nvirc: pipeline — MIR func 1/3\n\nvirc: pipeline — MIR func 3/3\n\nvirc: pipeline — MIR spec opts complete, lowering to LIR...\n\nvirc: pipeline — Chaitin-Briggs regalloc + George-Appel coalescing...\n\nvirc: pipeline — regalloc func 1/3\n\nvirc: pipeline — regalloc func 3/3\n\nvirc: pipeline — LIR lowering complete (Q-IR fallback bypassed)\n\nvirc: 3 function(s) lowered to LIR\n\nvirc: generating macos-arm64 machine code...\n\nvirc: 5292 bytes machine code\n\nvirc: linking Mach-O macos-arm64 executable...\n\nvirc: done! /var/folders/fq/kbv8m0vs65qgmgz96_byxl480000gn/T/spec_gap_nzi0ahcx/test_artifact (5292 bytes code)
FFI-002	compile_fail	FAIL	macos-arm64	0		Compiler unexpectedly generated an artifact for negative test	====================================\n\n  virc — Vir Self-Hosting Compiler\n\n  v3.2.0 — Register, Mold, Dict & Backend Correctness\n\n====================================\n\nvirc: reading /Users/gengyang/Vir/tests/spec_gap_contract/bind_wasm_body_negative.vri...\n\nvirc: 174 bytes source\n\nvirc: expanding includes...\n\nvirc: 174 bytes after preprocess\n\nvirc: tokenizing...\n\nvirc: 34 tokens\n\nvirc: parsing...\n\nvirc: ast children 2\n\nvirc: running semantic analysis...\n\nvirc: semantic pass 1 — module & import resolution\n\nvirc: semantic pass 2 — symbol registration\n\nvirc: semantic pass 3 — name resolution\n\nvirc: semantic pass 4 — type resolution\n\nvirc: semantic pass 5 — type inference\n\nvirc: semantic pass 6 — type checking\n\nvirc: semantic pass 7 — control flow analysis\n\nvirc: semantic pass 8 — borrow analysis\n\nvirc: semantic pass 9 — constant folding\n\nvirc: semantic analysis 100% complete (10 passes)\n\nvirc: lowering via v2.0 MIR/SSA/LIR pipeline...\n\nvirc: pipeline — lowering AST to MIR...\n\nvirc: pipeline — AST->MIR func 1 : host_log\n\nvirc: pipeline — AST->MIR func 2 : main\n\nvirc: pipeline — SSA + MIR opts on 3 function(s)...\n\nvirc: pipeline — MIR func 1/3\n\nvirc: pipeline — MIR func 3/3\n\nvirc: pipeline — MIR spec opts complete, lowering to LIR...\n\nvirc: pipeline — Chaitin-Briggs regalloc + George-Appel coalescing...\n\nvirc: pipeline — regalloc func 1/3\n\nvirc: pipeline — regalloc func 3/3\n\nvirc: pipeline — LIR lowering complete (Q-IR fallback bypassed)\n\nvirc: 3 function(s) lowered to LIR\n\nvirc: generating macos-arm64 machine code...\n\nvirc: 5224 bytes machine code\n\nvirc: linking Mach-O macos-arm64 executable...\n\nvirc: done! /var/folders/fq/kbv8m0vs65qgmgz96_byxl480000gn/T/spec_gap_74xaosyn/test_artifact (5224 bytes code)
FFI-003	structural	PASS	macos-arm64	0	0	Structural check executed (exit=0)	41
FFI-004	compile_fail	FAIL	macos-arm64	0		Compiler unexpectedly generated an artifact for negative test	====================================\n\n  virc — Vir Self-Hosting Compiler\n\n  v3.2.0 — Register, Mold, Dict & Backend Correctness\n\n====================================\n\nvirc: reading /Users/gengyang/Vir/tests/spec_gap_contract/bind_c_missing_type_negative.vri...\n\nvirc: 175 bytes source\n\nvirc: expanding includes...\n\nvirc: 175 bytes after preprocess\n\nvirc: tokenizing...\n\nvirc: 31 tokens\n\nvirc: parsing...\n\nvirc: ast children 2\n\nvirc: running semantic analysis...\n\nvirc: semantic pass 1 — module & import resolution\n\nvirc: semantic pass 2 — symbol registration\n\nvirc: semantic pass 3 — name resolution\n\nvirc: semantic pass 4 — type resolution\n\nvirc: semantic pass 5 — type inference\n\nvirc: semantic pass 6 — type checking\n\nvirc: semantic pass 7 — control flow analysis\n\nvirc: semantic pass 8 — borrow analysis\n\nvirc: semantic pass 9 — constant folding\n\n═══════════════════════════════════════════════\n\nEXECUTION REPORT\n\n═══════════════════════════════════════════════\n\n\n\nResult      : WARNING\n\nCode        : [W4001] ControlFlow\n\nSubsystem   : Compiler\n\nStage       : Stage 1 (Vir Native)\n\n\n\nLocation\n\n───────────────────────────────────────────────\n\nFile        : /Users/gengyang/Vir/tests/spec_gap_contract/bind_c_missing_type_negative.vri\n\nLine        : 4\n\n\n\nAnalysis\n\n───────────────────────────────────────────────\n\nMissing return statement on some code paths\n\n\n\nPossible Causes\n\n───────────────────────────────────────────────\n\n• Violation of Vir language specification semantic constraints\n\n\n\nAction\n\n───────────────────────────────────────────────\n\n• Review source code against Vir language specification\n\n\n\n═══════════════════════════════════════════════\n\nvirc: 0 error(s), 1 warning(s)\n\nvirc: semantic analysis 100% complete (10 passes)\n\nvirc: lowering via v2.0 MIR/SSA/LIR pipeline...\n\nvirc: pipeline — lowering AST to MIR...\n\nvirc: pipeline — AST->MIR func 1 : foreign_value\n\nvirc: pipeline — AST->MIR func 2 : main\n\nvirc: pipeline — SSA + MIR opts on 3 function(s)...\n\nvirc: pipeline — MIR func 1/3\n\nvirc: pipeline — MIR func 3/3\n\nvirc: pipeline — MIR spec opts complete, lowering to LIR...\n\nvirc: pipeline — Chaitin-Briggs regalloc + George-Appel coalescing...\n\nvirc: pipeline — regalloc func 1/3\n\nvirc: pipeline — regalloc func 3/3\n\nvirc: pipeline — LIR lowering complete (Q-IR fallback bypassed)\n\nvirc: 3 function(s) lowered to LIR\n\nvirc: generating macos-arm64 machine code...\n\nvirc: 5236 bytes machine code\n\nvirc: linking Mach-O macos-arm64 executable...\n\nvirc: done! /var/folders/fq/kbv8m0vs65qgmgz96_byxl480000gn/T/spec_gap_kijka41r/test_artifact (5236 bytes code)
FFI-005	compile_fail	FAIL	macos-arm64	0		Compiler unexpectedly generated an artifact for negative test	====================================\n\n  virc — Vir Self-Hosting Compiler\n\n  v3.2.0 — Register, Mold, Dict & Backend Correctness\n\n====================================\n\nvirc: reading /Users/gengyang/Vir/tests/spec_gap_contract/bind_wasm_missing_type_negative.vri...\n\nvirc: 180 bytes source\n\nvirc: expanding includes...\n\nvirc: 180 bytes after preprocess\n\nvirc: tokenizing...\n\nvirc: 31 tokens\n\nvirc: parsing...\n\nvirc: ast children 2\n\nvirc: running semantic analysis...\n\nvirc: semantic pass 1 — module & import resolution\n\nvirc: semantic pass 2 — symbol registration\n\nvirc: semantic pass 3 — name resolution\n\nvirc: semantic pass 4 — type resolution\n\nvirc: semantic pass 5 — type inference\n\nvirc: semantic pass 6 — type checking\n\nvirc: semantic pass 7 — control flow analysis\n\nvirc: semantic pass 8 — borrow analysis\n\nvirc: semantic pass 9 — constant folding\n\n═══════════════════════════════════════════════\n\nEXECUTION REPORT\n\n═══════════════════════════════════════════════\n\n\n\nResult      : WARNING\n\nCode        : [W4001] ControlFlow\n\nSubsystem   : Compiler\n\nStage       : Stage 1 (Vir Native)\n\n\n\nLocation\n\n───────────────────────────────────────────────\n\nFile        : /Users/gengyang/Vir/tests/spec_gap_contract/bind_wasm_missing_type_negative.vri\n\nLine        : 4\n\n\n\nAnalysis\n\n───────────────────────────────────────────────\n\nMissing return statement on some code paths\n\n\n\nPossible Causes\n\n───────────────────────────────────────────────\n\n• Violation of Vir language specification semantic constraints\n\n\n\nAction\n\n───────────────────────────────────────────────\n\n• Review source code against Vir language specification\n\n\n\n═══════════════════════════════════════════════\n\nvirc: 0 error(s), 1 warning(s)\n\nvirc: semantic analysis 100% complete (10 passes)\n\nvirc: lowering via v2.0 MIR/SSA/LIR pipeline...\n\nvirc: pipeline — lowering AST to MIR...\n\nvirc: pipeline — AST->MIR func 1 : host_value\n\nvirc: pipeline — AST->MIR func 2 : main\n\nvirc: pipeline — SSA + MIR opts on 3 function(s)...\n\nvirc: pipeline — MIR func 1/3\n\nvirc: pipeline — MIR func 3/3\n\nvirc: pipeline — MIR spec opts complete, lowering to LIR...\n\nvirc: pipeline — Chaitin-Briggs regalloc + George-Appel coalescing...\n\nvirc: pipeline — regalloc func 1/3\n\nvirc: pipeline — regalloc func 3/3\n\nvirc: pipeline — LIR lowering complete (Q-IR fallback bypassed)\n\nvirc: 3 function(s) lowered to LIR\n\nvirc: generating macos-arm64 machine code...\n\nvirc: 5236 bytes machine code\n\nvirc: linking Mach-O macos-arm64 executable...\n\nvirc: done! /var/folders/fq/kbv8m0vs65qgmgz96_byxl480000gn/T/spec_gap_7ynsxm11/test_artifact (5236 bytes code)
FFI-006	compile_fail	FAIL	macos-arm64	0		Compiler unexpectedly generated an artifact for negative test	====================================\n\n  virc — Vir Self-Hosting Compiler\n\n  v3.2.0 — Register, Mold, Dict & Backend Correctness\n\n====================================\n\nvirc: reading /Users/gengyang/Vir/tests/spec_gap_contract/bind_asm_missing_body_negative.vri...\n\nvirc: 169 bytes source\n\nvirc: expanding includes...\n\nvirc: 169 bytes after preprocess\n\nvirc: tokenizing...\n\nvirc: 33 tokens\n\nvirc: parsing...\n\nvirc: ast children 2\n\nvirc: running semantic analysis...\n\nvirc: semantic pass 1 — module & import resolution\n\nvirc: semantic pass 2 — symbol registration\n\nvirc: semantic pass 3 — name resolution\n\nvirc: semantic pass 4 — type resolution\n\nvirc: semantic pass 5 — type inference\n\nvirc: semantic pass 6 — type checking\n\nvirc: semantic pass 7 — control flow analysis\n\nvirc: semantic pass 8 — borrow analysis\n\nvirc: semantic pass 9 — constant folding\n\n═══════════════════════════════════════════════\n\nEXECUTION REPORT\n\n═══════════════════════════════════════════════\n\n\n\nResult      : WARNING\n\nCode        : [W4001] ControlFlow\n\nSubsystem   : Compiler\n\nStage       : Stage 1 (Vir Native)\n\n\n\nLocation\n\n───────────────────────────────────────────────\n\nFile        : /Users/gengyang/Vir/tests/spec_gap_contract/bind_asm_missing_body_negative.vri\n\nLine        : 4\n\n\n\nAnalysis\n\n───────────────────────────────────────────────\n\nMissing return statement on some code paths\n\n\n\nPossible Causes\n\n───────────────────────────────────────────────\n\n• Violation of Vir language specification semantic constraints\n\n\n\nAction\n\n───────────────────────────────────────────────\n\n• Review source code against Vir language specification\n\n\n\n═══════════════════════════════════════════════\n\nvirc: 0 error(s), 1 warning(s)\n\nvirc: semantic analysis 100% complete (10 passes)\n\nvirc: lowering via v2.0 MIR/SSA/LIR pipeline...\n\nvirc: pipeline — lowering AST to MIR...\n\nvirc: pipeline — AST->MIR func 1 : machine_value\n\nvirc: pipeline — AST->MIR func 2 : main\n\nvirc: pipeline — SSA + MIR opts on 3 function(s)...\n\nvirc: pipeline — MIR func 1/3\n\nvirc: pipeline — MIR func 3/3\n\nvirc: pipeline — MIR spec opts complete, lowering to LIR...\n\nvirc: pipeline — Chaitin-Briggs regalloc + George-Appel coalescing...\n\nvirc: pipeline — regalloc func 1/3\n\nvirc: pipeline — regalloc func 3/3\n\nvirc: pipeline — LIR lowering complete (Q-IR fallback bypassed)\n\nvirc: 3 function(s) lowered to LIR\n\nvirc: generating macos-arm64 machine code...\n\nvirc: 5236 bytes machine code\n\nvirc: linking Mach-O macos-arm64 executable...\n\nvirc: done! /var/folders/fq/kbv8m0vs65qgmgz96_byxl480000gn/T/spec_gap_h6kzbolc/test_artifact (5236 bytes code)
FFI-007	structural	PASS	macos-arm64	0	0	Structural check executed (exit=0)	0
AI-001	run	FAIL	macos-arm64	1		Compilation failed with exit code 1	====================================\n\n  virc — Vir Self-Hosting Compiler\n\n  v3.2.0 — Register, Mold, Dict & Backend Correctness\n\n====================================\n\nvirc: reading /Users/gengyang/Vir/tests/spec_gap_contract/quantize_transparent_infer.vri...\n\nvirc: 332 bytes source\n\nvirc: expanding includes...\n\nvirc: 332 bytes after preprocess\n\nvirc: tokenizing...\n\nvirc: 90 tokens\n\nvirc: parsing...\n\nvirc: ast children 1\n\nvirc: running semantic analysis...\n\nvirc: semantic pass 1 — module & import resolution\n\nvirc: semantic pass 2 — symbol registration\n\nvirc: semantic pass 3 — name resolution\n\nvirc: semantic pass 4 — type resolution\n\nvirc: semantic pass 5 — type inference\n\nvirc: semantic pass 6 — type checking\n\nvirc: semantic pass 7 — control flow analysis\n\nvirc: semantic pass 8 — borrow analysis\n\nvirc: semantic pass 9 — constant folding\n\n═══════════════════════════════════════════════\n\nEXECUTION REPORT\n\n═══════════════════════════════════════════════\n\n\n\nResult      : FAILED\n\nCode        : [E3002] Semantic\n\nSubsystem   : Compiler\n\nStage       : Stage 1 (Vir Native)\n\n\n\nLocation\n\n───────────────────────────────────────────────\n\nFile        : /Users/gengyang/Vir/tests/spec_gap_contract/quantize_transparent_infer.vri\n\nLine        : 11\n\n\n\nAnalysis\n\n───────────────────────────────────────────────\n\nInvalid operator for operand type\n\n\n\nPossible Causes\n\n───────────────────────────────────────────────\n\n• Violation of Vir language specification semantic constraints\n\n\n\nAction\n\n───────────────────────────────────────────────\n\n• Review source code against Vir language specification\n\n\n\n═══════════════════════════════════════════════\n\n═══════════════════════════════════════════════\n\nEXECUTION REPORT\n\n═══════════════════════════════════════════════\n\n\n\nResult      : FAILED\n\nCode        : [E3014] Semantic\n\nSubsystem   : Compiler\n\nStage       : Stage 1 (Vir Native)\n\n\n\nLocation\n\n───────────────────────────────────────────────\n\nFile        : /Users/gengyang/Vir/tests/spec_gap_contract/quantize_transparent_infer.vri\n\nLine        : 11\n\n\n\nAnalysis\n\n───────────────────────────────────────────────\n\nMatrix multiplication dimension mismatch\n\n\n\nPossible Causes\n\n───────────────────────────────────────────────\n\n• Violation of Vir language specification semantic constraints\n\n\n\nAction\n\n───────────────────────────────────────────────\n\n• Review source code against Vir language specification\n\n\n\n═══════════════════════════════════════════════\n\nvirc: 2 error(s), 0 warning(s)\n\nvirc: semantic analysis found 2 error(s)\n\nvirc: compilation aborted — 2 semantic error(s)
AI-002	blocked_contract	BLOCKED	macos-arm64			Public gradient observation contract required	
AI-003	run	FAIL	macos-arm64	1		Compilation failed with exit code 1	====================================\n\n  virc — Vir Self-Hosting Compiler\n\n  v3.2.0 — Register, Mold, Dict & Backend Correctness\n\n====================================\n\nvirc: reading /Users/gengyang/Vir/tests/spec_gap_contract/quantize_odd_int4_edge.vri...\n\nvirc: 428 bytes source\n\nvirc: expanding includes...\n\nvirc: 428 bytes after preprocess\n\nvirc: tokenizing...\n\nvirc: 118 tokens\n\nvirc: parsing...\n\nvirc: ast children 1\n\nvirc: running semantic analysis...\n\nvirc: semantic pass 1 — module & import resolution\n\nvirc: semantic pass 2 — symbol registration\n\nvirc: semantic pass 3 — name resolution\n\nvirc: semantic pass 4 — type resolution\n\nvirc: semantic pass 5 — type inference\n\nvirc: semantic pass 6 — type checking\n\nvirc: semantic pass 7 — control flow analysis\n\nvirc: semantic pass 8 — borrow analysis\n\nvirc: semantic pass 9 — constant folding\n\n═══════════════════════════════════════════════\n\nEXECUTION REPORT\n\n═══════════════════════════════════════════════\n\n\n\nResult      : FAILED\n\nCode        : [E3002] Semantic\n\nSubsystem   : Compiler\n\nStage       : Stage 1 (Vir Native)\n\n\n\nLocation\n\n───────────────────────────────────────────────\n\nFile        : /Users/gengyang/Vir/tests/spec_gap_contract/quantize_odd_int4_edge.vri\n\nLine        : 12\n\n\n\nAnalysis\n\n───────────────────────────────────────────────\n\nInvalid operator for operand type\n\n\n\nPossible Causes\n\n───────────────────────────────────────────────\n\n• Violation of Vir language specification semantic constraints\n\n\n\nAction\n\n───────────────────────────────────────────────\n\n• Review source code against Vir language specification\n\n\n\n═══════════════════════════════════════════════\n\n═══════════════════════════════════════════════\n\nEXECUTION REPORT\n\n═══════════════════════════════════════════════\n\n\n\nResult      : FAILED\n\nCode        : [E3014] Semantic\n\nSubsystem   : Compiler\n\nStage       : Stage 1 (Vir Native)\n\n\n\nLocation\n\n───────────────────────────────────────────────\n\nFile        : /Users/gengyang/Vir/tests/spec_gap_contract/quantize_odd_int4_edge.vri\n\nLine        : 12\n\n\n\nAnalysis\n\n───────────────────────────────────────────────\n\nMatrix multiplication dimension mismatch\n\n\n\nPossible Causes\n\n───────────────────────────────────────────────\n\n• Violation of Vir language specification semantic constraints\n\n\n\nAction\n\n───────────────────────────────────────────────\n\n• Review source code against Vir language specification\n\n\n\n═══════════════════════════════════════════════\n\n═══════════════════════════════════════════════\n\nEXECUTION REPORT\n\n═══════════════════════════════════════════════\n\n\n\nResult      : FAILED\n\nCode        : [E3002] Semantic\n\nSubsystem   : Compiler\n\nStage       : Stage 1 (Vir Native)\n\n\n\nLocation\n\n───────────────────────────────────────────────\n\nFile        : /Users/gengyang/Vir/tests/spec_gap_contract/quantize_odd_int4_edge.vri\n\nLine        : 13\n\n\n\nAnalysis\n\n───────────────────────────────────────────────\n\nInvalid operator for operand type\n\n\n\nPossible Causes\n\n───────────────────────────────────────────────\n\n• Violation of Vir language specification semantic constraints\n\n\n\nAction\n\n───────────────────────────────────────────────\n\n• Review source code against Vir language specification\n\n\n\n═══════════════════════════════════════════════\n\n═══════════════════════════════════════════════\n\nEXECUTION REPORT\n\n═══════════════════════════════════════════════\n\n\n\nResult      : FAILED\n\nCode        : [E3014] Semantic\n\nSubsystem   : Compiler\n\nStage       : Stage 1 (Vir Native)\n\n\n\nLocation\n\n───────────────────────────────────────────────\n\nFile        : /Users/gengyang/Vir/tests/spec_gap_contract/quantize_odd_int4_edge.vri\n\nLine        : 13\n\n\n\nAnalysis\n\n───────────────────────────────────────────────\n\nMatrix multiplication dimension mismatch\n\n\n\nPossible Causes\n\n───────────────────────────────────────────────\n\n• Violation of Vir language specification semantic constraints\n\n\n\nAction\n\n───────────────────────────────────────────────\n\n• Review source code against Vir language specification\n\n\n\n═══════════════════════════════════════════════\n\nvirc: 4 error(s), 0 warning(s)\n\nvirc: semantic analysis found 4 error(s)\n\nvirc: compilation aborted — 4 semantic error(s)
AI-004	compile_fail	PASS	macos-arm64	1		diagnostic matched required keywords	====================================\n\n  virc — Vir Self-Hosting Compiler\n\n  v3.2.0 — Register, Mold, Dict & Backend Correctness\n\n====================================\n\nvirc: reading /Users/gengyang/Vir/tests/spec_gap_contract/quantize_invalid_bits_negative.vri...\n\nvirc: 194 bytes source\n\nvirc: expanding includes...\n\nvirc: 194 bytes after preprocess\n\nvirc: tokenizing...\n\nvirc: 40 tokens\n\nvirc: parsing...\n\nvirc: ast children 1\n\nvirc: running semantic analysis...\n\nvirc: semantic pass 1 — module & import resolution\n\nvirc: semantic pass 2 — symbol registration\n\nvirc: semantic pass 3 — name resolution\n\nvirc: semantic pass 4 — type resolution\n\nvirc: semantic pass 5 — type inference\n\nvirc: semantic pass 6 — type checking\n\nvirc: semantic pass 7 — control flow analysis\n\nvirc: semantic pass 8 — borrow analysis\n\nvirc: semantic pass 9 — constant folding\n\n═══════════════════════════════════════════════\n\nEXECUTION REPORT\n\n═══════════════════════════════════════════════\n\n\n\nResult      : FAILED\n\nCode        : [E3019] Semantic\n\nSubsystem   : Compiler\n\nStage       : Stage 1 (Vir Native)\n\n\n\nLocation\n\n───────────────────────────────────────────────\n\nFile        : /Users/gengyang/Vir/tests/spec_gap_contract/quantize_invalid_bits_negative.vri\n\nLine        : 5\n\n\n\nAnalysis\n\n───────────────────────────────────────────────\n\nquantize bits must be a compile-time constant in {4, 8, 16, 32}\n\n\n\nPossible Causes\n\n───────────────────────────────────────────────\n\n• Violation of Vir language specification semantic constraints\n\n\n\nAction\n\n───────────────────────────────────────────────\n\n• Review source code against Vir language specification\n\n\n\n═══════════════════════════════════════════════\n\nvirc: 1 error(s), 0 warning(s)\n\nvirc: semantic analysis found 1 error(s)\n\nvirc: compilation aborted — 1 semantic error(s)
AI-005	compile_fail	FAIL	macos-arm64	1		diagnostic missing required keyword 'compile-time literal bits'	====================================\n\n  virc — Vir Self-Hosting Compiler\n\n  v3.2.0 — Register, Mold, Dict & Backend Correctness\n\n====================================\n\nvirc: reading /Users/gengyang/Vir/tests/spec_gap_contract/quantize_dynamic_bits_negative.vri...\n\nvirc: 217 bytes source\n\nvirc: expanding includes...\n\nvirc: 217 bytes after preprocess\n\nvirc: tokenizing...\n\nvirc: 45 tokens\n\nvirc: parsing...\n\nvirc: ast children 1\n\nvirc: running semantic analysis...\n\nvirc: semantic pass 1 — module & import resolution\n\nvirc: semantic pass 2 — symbol registration\n\nvirc: semantic pass 3 — name resolution\n\nvirc: semantic pass 4 — type resolution\n\nvirc: semantic pass 5 — type inference\n\nvirc: semantic pass 6 — type checking\n\nvirc: semantic pass 7 — control flow analysis\n\nvirc: semantic pass 8 — borrow analysis\n\nvirc: semantic pass 9 — constant folding\n\n═══════════════════════════════════════════════\n\nEXECUTION REPORT\n\n═══════════════════════════════════════════════\n\n\n\nResult      : FAILED\n\nCode        : [E3019] Semantic\n\nSubsystem   : Compiler\n\nStage       : Stage 1 (Vir Native)\n\n\n\nLocation\n\n───────────────────────────────────────────────\n\nFile        : /Users/gengyang/Vir/tests/spec_gap_contract/quantize_dynamic_bits_negative.vri\n\nLine        : 6\n\n\n\nAnalysis\n\n───────────────────────────────────────────────\n\nquantize bits must be a compile-time constant in {4, 8, 16, 32}\n\n\n\nPossible Causes\n\n───────────────────────────────────────────────\n\n• Violation of Vir language specification semantic constraints\n\n\n\nAction\n\n───────────────────────────────────────────────\n\n• Review source code against Vir language specification\n\n\n\n═══════════════════════════════════════════════\n\nvirc: 1 error(s), 0 warning(s)\n\nvirc: semantic analysis found 1 error(s)\n\nvirc: compilation aborted — 1 semantic error(s)
AI-006	run	PASS	macos-arm64	0	0	Stdout and exit code matched expected oracle	58\n64\n139\n154
AI-007	compile_fail	FAIL	macos-arm64	1		diagnostic missing required keyword 'incompatible tensor dimensions'	====================================\n\n  virc — Vir Self-Hosting Compiler\n\n  v3.2.0 — Register, Mold, Dict & Backend Correctness\n\n====================================\n\nvirc: reading /Users/gengyang/Vir/tests/spec_gap_contract/tensor_matmul_shape_negative.vri...\n\nvirc: 217 bytes source\n\nvirc: expanding includes...\n\nvirc: 217 bytes after preprocess\n\nvirc: tokenizing...\n\nvirc: 49 tokens\n\nvirc: parsing...\n\nvirc: ast children 1\n\nvirc: running semantic analysis...\n\nvirc: semantic pass 1 — module & import resolution\n\nvirc: semantic pass 2 — symbol registration\n\nvirc: semantic pass 3 — name resolution\n\nvirc: semantic pass 4 — type resolution\n\nvirc: semantic pass 5 — type inference\n\nvirc: semantic pass 6 — type checking\n\nvirc: semantic pass 7 — control flow analysis\n\nvirc: semantic pass 8 — borrow analysis\n\nvirc: semantic pass 9 — constant folding\n\n═══════════════════════════════════════════════\n\nEXECUTION REPORT\n\n═══════════════════════════════════════════════\n\n\n\nResult      : FAILED\n\nCode        : [E3014] Semantic\n\nSubsystem   : Compiler\n\nStage       : Stage 1 (Vir Native)\n\n\n\nLocation\n\n───────────────────────────────────────────────\n\nFile        : /Users/gengyang/Vir/tests/spec_gap_contract/tensor_matmul_shape_negative.vri\n\nLine        : 6\n\n\n\nAnalysis\n\n───────────────────────────────────────────────\n\nMatrix multiplication dimension mismatch\n\n\n\nPossible Causes\n\n───────────────────────────────────────────────\n\n• Violation of Vir language specification semantic constraints\n\n\n\nAction\n\n───────────────────────────────────────────────\n\n• Review source code against Vir language specification\n\n\n\n═══════════════════════════════════════════════\n\nvirc: 1 error(s), 0 warning(s)\n\nvirc: semantic analysis found 1 error(s)\n\nvirc: compilation aborted — 1 semantic error(s)
AI-008	compile_fail	FAIL	macos-arm64	1		diagnostic missing required keyword 'backward forbidden in infer'	====================================\n\n  virc — Vir Self-Hosting Compiler\n\n  v3.2.0 — Register, Mold, Dict & Backend Correctness\n\n====================================\n\nvirc: reading /Users/gengyang/Vir/tests/spec_gap_contract/infer_backward_negative.vri...\n\nvirc: 179 bytes source\n\nvirc: expanding includes...\n\nvirc: 179 bytes after preprocess\n\nvirc: tokenizing...\n\nvirc: 36 tokens\n\nvirc: parsing...\n\nvirc: ast children 1\n\nvirc: running semantic analysis...\n\nvirc: semantic pass 1 — module & import resolution\n\nvirc: semantic pass 2 — symbol registration\n\nvirc: semantic pass 3 — name resolution\n\nvirc: semantic pass 4 — type resolution\n\nvirc: semantic pass 5 — type inference\n\nvirc: semantic pass 6 — type checking\n\nvirc: semantic pass 7 — control flow analysis\n\nvirc: semantic pass 8 — borrow analysis\n\nvirc: semantic pass 9 — constant folding\n\n═══════════════════════════════════════════════\n\nEXECUTION REPORT\n\n═══════════════════════════════════════════════\n\n\n\nResult      : FAILED\n\nCode        : [E3009] Semantic\n\nSubsystem   : Compiler\n\nStage       : Stage 1 (Vir Native)\n\n\n\nLocation\n\n───────────────────────────────────────────────\n\nFile        : /Users/gengyang/Vir/tests/spec_gap_contract/infer_backward_negative.vri\n\nLine        : 6\n\n\n\nAnalysis\n\n───────────────────────────────────────────────\n\nOperation prohibited in 'infer:' block (e.g. calling .backward())\n\n\n\nPossible Causes\n\n───────────────────────────────────────────────\n\n• Automatic differentiation (.backward()) was invoked inside 'infer:'\n• 'infer:' disables gradient tape recording for forward inference\n\n\n\nAction\n\n───────────────────────────────────────────────\n\n• Move .backward() call into a 'train:' block\n\n\n\n═══════════════════════════════════════════════\n\nvirc: 1 error(s), 0 warning(s)\n\nvirc: semantic analysis found 1 error(s)\n\nvirc: compilation aborted — 1 semantic error(s)
AI-009	compile_fail	PASS	macos-arm64	1		diagnostic matched required keywords	====================================\n\n  virc — Vir Self-Hosting Compiler\n\n  v3.2.0 — Register, Mold, Dict & Backend Correctness\n\n====================================\n\nvirc: reading /Users/gengyang/Vir/tests/spec_gap_contract/infer_train_nested_negative.vri...\n\nvirc: 216 bytes source\n\nvirc: expanding includes...\n\nvirc: 216 bytes after preprocess\n\nvirc: tokenizing...\n\nvirc: 41 tokens\n\nvirc: parsing...\n\nvirc: ast children 1\n\nvirc: running semantic analysis...\n\nvirc: semantic pass 1 — module & import resolution\n\nvirc: semantic pass 2 — symbol registration\n\nvirc: semantic pass 3 — name resolution\n\nvirc: semantic pass 4 — type resolution\n\nvirc: semantic pass 5 — type inference\n\nvirc: semantic pass 6 — type checking\n\nvirc: semantic pass 7 — control flow analysis\n\nvirc: semantic pass 8 — borrow analysis\n\nvirc: semantic pass 9 — constant folding\n\n═══════════════════════════════════════════════\n\nEXECUTION REPORT\n\n═══════════════════════════════════════════════\n\n\n\nResult      : FAILED\n\nCode        : [E3016] Semantic\n\nSubsystem   : Compiler\n\nStage       : Stage 1 (Vir Native)\n\n\n\nLocation\n\n───────────────────────────────────────────────\n\nFile        : /Users/gengyang/Vir/tests/spec_gap_contract/infer_train_nested_negative.vri\n\nLine        : 5\n\n\n\nAnalysis\n\n───────────────────────────────────────────────\n\ninfer/train blocks cannot be nested\n\n\n\nPossible Causes\n\n───────────────────────────────────────────────\n\n• Violation of Vir language specification semantic constraints\n\n\n\nAction\n\n───────────────────────────────────────────────\n\n• Review source code against Vir language specification\n\n\n\n═══════════════════════════════════════════════\n\nvirc: 1 error(s), 0 warning(s)\n\nvirc: semantic analysis found 1 error(s)\n\nvirc: compilation aborted — 1 semantic error(s)
OPT-001	structural	PASS	macos-arm64	0	0	Structural check executed (exit=0)	4950
OPT-002	structural	PASS	macos-arm64	0	0	Structural check executed (exit=0)	55
TARGET-001	structural	PASS	macos-arm64	0	0	Structural check executed (exit=0)	target-contract-ok
TARGET-002	structural	PASS	macos-arm64	0	37	Exited with code 37 as required	
ZERO-001	structural	PASS	macos-arm64	0	0	Structural check executed (exit=0)	zero-overhead-ok
